fecha,n1,n2,n3,n4,n5,n6,mas,super_mas
2010-08-04,7,9,13,14,22,35,3,10
2010-08-07,11,16,18,24,31,37,4,2
2010-08-11,3,11,19,22,27,35,3,1
2010-08-14,8,10,26,30,33,37,6,7
2010-08-18,3,4,9,13,33,34,6,13
2010-08-21,17,24,25,30,31,35,4,6
2010-08-25,12,14,16,19,24,29,4,11
2010-08-28,8,19,21,25,34,35,6,1
2010-09-01,7,14,20,21,31,37,3,1
2010-09-04,1,3,4,14,31,36,3,1
2010-09-08,2,22,24,35,36,38,1,1
2010-09-11,2,7,16,20,31,38,5,2
2010-09-15,8,9,13,23,28,33,3,1
2010-09-18,2,5,9,11,12,16,6,4
2010-09-22,10,13,22,31,32,38,4,1
2010-09-25,2,4,22,26,29,31,2,1
2010-09-29,2,13,19,22,24,33,3,9
2010-10-02,7,10,18,22,28,38,5,4
2010-10-06,6,4,17,18,19,20,6,7
2010-10-09,3,7,16,24,25,32,5,12
2010-10-13,6,7,13,16,20,31,3,1
2010-10-16,8,25,26,27,28,38,5,5
2010-10-20,2,14,15,20,24,29,6,4
2010-10-23,8,9,18,21,28,32,4,1
2010-10-27,5,6,8,20,22,30,3,1
2010-10-30,1,6,8,13,15,35,5,1
2010-11-03,5,17,18,23,24,25,4,4
2010-11-06,11,12,16,18,19,22,2,4
2010-11-10,2,5,23,27,28,38,4,3
2010-11-13,3,8,11,17,21,37,3,6
2010-11-17,3,12,20,23,35,36,1,1
2010-11-20,5,13,23,24,26,36,2,1
2010-11-24,4,17,22,24,25,36,3,7
2010-11-27,16,19,24,31,34,36,3,9
2010-12-01,4,8,13,16,29,33,6,2
2010-12-04,2,4,14,29,36,37,4,9
2010-12-08,2,5,8,17,26,30,1,9
2010-12-11,5,12,14,23,33,35,1,7
2010-12-15,9,13,14,30,34,36,1,10
2010-12-18,2,19,24,31,32,37,5,1
2010-12-22,4,5,14,26,28,32,2,1
2010-12-29,5,6,7,15,31,33,2,8
2011-01-05,10,21,23,25,35,38,4,9
2011-01-08,18,23,26,28,29,31,2,1
2011-01-12,8,16,17,25,30,32,6,1
2011-01-15,4,14,17,19,29,36,5,2
2011-01-19,6,14,21,22,29,37,3,13
2011-01-22,4,6,7,11,28,36,5,9
2011-01-26,2,3,29,33,34,38,4,3
2011-09-21,1,2,4,8,15,22,1,4
2011-09-24,10,12,18,29,34,38,3,2
2011-09-28,7,11,13,28,33,38,5,12
2011-10-01,3,6,17,19,25,28,3,13
2011-10-05,4,6,15,22,26,30,6,7
2011-10-08,9,21,28,30,33,38,3,9
2011-10-12,7,11,14,17,22,34,1,4
2011-10-15,4,5,8,13,23,38,4,1
2011-10-19,10,12,30,33,34,36,5,5
2011-10-22,10,11,23,26,35,37,1,1
2011-10-26,6,9,10,15,23,24,3,7
2011-10-29,4,11,13,20,28,35,4,1
2011-11-02,1,5,10,12,26,32,5,2
2011-11-05,3,9,15,16,20,35,6,5
2011-11-09,4,5,13,16,24,31,3,7
2011-11-12,1,2,16,20,22,34,6,7
2011-11-16,1,9,11,15,34,37,6,1
2011-11-19,6,10,12,15,20,30,2,9
2011-11-23,11,19,27,30,32,36,1,2
2011-11-26,10,12,13,14,25,32,5,3
2011-11-30,9,13,18,21,23,33,1,1
2011-12-03,2,15,25,26,31,38,5,1
2011-12-07,1,18,24,28,32,34,1,1
2011-12-10,2,5,16,17,23,28,2,2
2011-12-14,11,13,17,22,24,30,2,5
2011-12-17,10,13,15,25,34,35,2,1
2011-12-21,6,11,18,19,25,29,1,6
2011-12-24,15,19,21,22,28,33,2,7
2011-12-28,8,9,12,19,32,35,4,2
2011-12-31,11,13,20,25,27,30,5,1
2012-01-04,8,10,12,27,34,37,1,1
2012-01-07,9,14,18,27,32,37,6,1
2012-01-11,1,9,10,12,18,38,6,3
2012-01-14,12,19,21,25,31,37,5,8
2012-01-18,3,20,24,30,31,34,6,3
2012-01-21,12,13,17,28,37,38,4,2
2012-01-25,1,7,17,21,29,36,1,6
2012-01-28,5,6,8,9,24,27,4,15
2012-02-01,3,4,20,21,22,23,6,9
2012-02-04,5,11,15,18,35,37,3,11
2012-02-08,3,11,12,20,24,33,3,1
2012-02-11,12,13,16,24,29,35,1,13
2012-02-15,9,14,17,18,25,27,5,5
2012-02-18,10,20,23,28,30,35,4,7
2012-02-22,8,9,12,18,22,32,6,3
2012-02-25,1,2,6,12,13,23,6,5
2012-02-29,7,14,23,24,29,34,5,15
2012-03-03,2,7,17,31,33,36,3,5
2012-03-07,9,13,18,23,32,38,2,6
2012-03-10,4,15,16,17,28,31,6,1
2012-03-14,4,9,14,15,27,33,2,5
2012-03-17,2,4,5,21,30,37,2,14
2012-03-21,2,6,13,25,27,31,3,6
2012-03-24,6,18,23,31,34,36,6,6
2012-03-28,4,5,15,18,21,32,4,3
2012-03-31,1,11,22,28,30,38,5,11
2012-04-04,4,6,16,17,27,28,5,2
2012-04-07,5,13,14,23,31,37,4,1
2012-04-11,6,17,23,25,29,30,2,1
2012-04-14,3,10,11,14,34,35,6,14
2012-04-18,8,20,24,25,36,38,1,1
2012-04-21,2,12,13,29,33,35,6,3
2012-04-25,15,24,29,32,33,34,1,4
2012-04-28,2,19,26,28,36,38,5,1
2012-05-02,2,5,6,16,26,27,2,13
2012-05-05,18,21,22,24,30,36,6,12
2012-05-09,2,10,14,16,17,26,6,3
2012-05-12,3,12,16,19,26,33,3,9
2012-05-16,6,9,13,29,31,37,1,5
2012-05-19,14,19,21,27,30,36,5,14
2012-05-23,2,10,15,28,33,37,5,9
2012-05-26,8,12,19,26,34,36,2,1
2012-05-30,9,12,14,22,25,28,1,7
2012-06-02,18,26,27,31,34,36,5,2
2012-06-06,4,6,9,14,19,30,6,11
2012-06-13,16,17,20,26,32,37,3,6
2012-06-16,5,12,16,18,29,38,1,2
2012-06-20,3,7,12,22,30,37,2,9
2012-06-23,7,10,14,16,22,26,3,1
2012-06-27,1,5,31,32,37,38,6,12
2012-06-30,1,7,16,24,28,30,2,1
2012-07-04,10,12,26,34,35,38,6,1
2012-07-07,1,4,6,21,27,32,1,4
2012-07-11,1,5,7,13,15,36,5,13
2012-07-14,1,5,23,24,28,33,4,7
2012-07-18,11,14,19,24,27,35,1,11
2012-07-21,3,6,9,25,29,35,6,4
2012-07-25,2,3,19,26,31,36,6,5
2012-07-28,1,15,22,29,31,33,2,13
2012-08-01,15,20,22,24,27,31,1,9
2012-08-04,1,8,21,22,23,32,6,5
2012-08-08,19,26,32,33,35,36,6,6
2012-08-11,8,12,22,23,33,38,6,2
2012-08-15,6,12,21,25,29,30,1,3
2012-08-18,3,7,10,16,23,29,6,2
2012-08-22,5,7,27,34,35,36,2,2
2012-08-25,15,20,22,30,33,36,6,3
2012-08-29,21,22,25,36,37,38,2,1
2012-09-01,4,10,19,25,28,32,2,4
2012-09-05,2,9,18,19,20,25,5,3
2012-09-08,6,11,15,21,31,33,3,2
2012-09-12,1,14,16,19,25,27,5,2
2012-09-15,3,5,7,15,30,36,4,4
2012-09-19,1,6,8,9,12,19,6,3
2012-09-22,8,12,19,24,27,32,3,7
2012-09-26,1,6,17,22,24,32,3,3
2012-09-29,7,8,13,15,20,21,2,11
2012-10-03,10,16,32,33,35,38,6,5
2012-10-06,3,5,12,15,17,26,3,12
2012-10-10,1,8,19,26,30,34,3,5
2012-10-13,3,6,7,13,18,21,1,1
2012-10-17,16,19,22,27,29,36,1,11
2012-10-20,9,10,15,21,25,36,4,1
2012-10-24,3,6,13,19,22,38,3,4
2012-10-27,6,15,21,22,30,35,4,3
2012-10-31,8,15,17,26,27,29,3,1
2012-11-03,1,5,14,20,23,30,1,1
2012-11-07,10,12,14,23,26,33,5,11
2012-11-10,4,19,25,26,29,35,1,1
2012-11-14,5,7,8,11,15,19,2,4
2012-11-17,4,16,19,20,27,29,6,3
2012-11-21,7,11,13,13,20,21,6,15
2012-11-24,4,15,25,28,30,34,2,5
2012-11-28,5,6,11,12,25,36,4,8
2012-12-01,14,20,24,28,31,33,5,3
2012-12-05,3,17,18,27,28,37,1,1
2012-12-08,15,17,19,20,26,33,3,10
2012-12-12,1,3,10,22,28,30,2,2
2012-12-15,7,14,15,20,31,37,2,4
2012-12-19,3,4,16,28,29,32,1,8
2012-12-22,2,11,19,25,33,36,3,4
2012-12-26,6,8,31,34,36,37,6,3
2012-12-29,1,9,10,21,28,30,3,1
2013-01-02,13,16,17,31,33,35,3,3
2013-01-05,5,6,24,31,34,35,3,2
2013-01-09,7,16,18,21,33,35,5,10
2013-01-12,1,4,9,20,22,26,3,6
2013-01-16,7,9,15,17,30,38,2,7
2013-01-19,6,7,8,19,30,37,5,1
2013-01-23,1,2,4,11,22,34,4,2
2013-01-26,2,7,8,17,29,33,5,4
2013-01-30,7,19,27,28,36,37,3,1
2013-02-02,6,12,22,28,29,37,9,3
2013-02-06,4,7,14,29,30,36,5,7
2013-02-09,13,14,17,19,22,29,10,6
2013-02-13,3,8,15,16,20,35,8,4
2013-02-16,6,20,22,27,29,38,10,1
2013-02-20,14,17,18,19,31,33,1,1
2013-02-23,9,14,20,25,29,33,4,13
2013-02-27,5,14,17,19,22,33,4,5
2013-03-02,7,24,30,31,36,38,1,13
2013-03-06,4,7,15,27,33,35,10,8
2013-03-09,20,24,31,33,34,38,1,1
2013-03-13,1,2,3,8,14,34,8,11
2013-03-16,2,3,9,17,20,29,10,8
2013-03-20,4,7,10,19,23,28,2,14
2013-03-23,1,4,7,14,18,27,8,2
2013-03-27,1,10,11,16,24,27,3,8
2013-03-30,1,13,14,18,20,26,4,7
2013-04-03,3,4,8,12,29,38,5,9
2013-04-06,8,9,20,22,25,37,1,1
2013-04-10,7,10,11,17,26,28,1,5
2013-04-13,9,10,26,27,28,32,9,13
2013-04-17,5,7,8,14,29,38,3,1
2013-04-20,6,17,19,29,32,34,5,1
2013-04-24,1,9,10,13,20,33,3,1
2013-04-27,2,8,12,16,25,26,5,9
2013-05-01,5,10,13,14,25,38,7,1
2013-05-04,11,17,21,27,32,35,5,1
2013-05-08,21,22,24,25,28,29,10,5
2013-05-11,11,19,25,27,28,36,7,6
2013-05-15,3,5,21,26,28,32,4,1
2013-05-18,16,17,23,25,33,38,3,2
2013-05-22,14,19,25,29,33,36,2,3
2013-05-25,2,4,6,10,32,37,8,15
2013-05-29,2,9,14,16,28,38,5,5
2013-06-01,12,13,18,25,28,34,1,8
2013-06-05,2,7,13,27,29,31,1,1
2013-06-08,3,7,29,32,33,38,6,10
2013-06-12,3,4,5,15,35,36,1,6
2013-06-15,7,10,27,31,32,36,4,4
2013-06-19,7,14,15,21,31,32,8,3
2013-06-22,2,3,8,15,18,26,3,2
2013-06-26,1,2,14,19,22,31,10,2
2013-06-29,6,9,10,17,20,38,1,3
2013-07-03,9,11,15,23,24,31,3,6
2013-07-06,2,6,19,21,37,38,5,1
2013-07-10,7,10,13,16,18,38,8,14
2013-07-13,1,19,23,26,28,37,9,13
2013-07-17,6,13,16,23,25,37,6,3
2013-07-20,3,16,19,27,29,31,8,5
2013-07-24,12,13,17,22,25,28,4,1
2013-07-27,18,20,24,25,33,37,8,2
2013-07-31,7,15,24,27,29,37,9,3
2013-08-03,15,21,26,31,32,35,10,6
2013-08-07,1,2,6,18,20,25,3,8
2013-08-10,1,3,6,16,17,29,5,5
2013-08-14,2,6,20,21,24,26,9,5
2013-08-17,13,19,23,24,31,37,7,2
2013-08-21,5,9,15,17,21,34,9,9
2013-08-24,2,11,12,16,22,29,7,3
2013-08-28,1,14,16,24,27,30,3,4
2013-08-31,2,13,17,23,24,32,3,3
2013-09-04,1,19,25,31,33,36,3,1
2013-09-07,5,8,10,15,24,34,9,5
2013-09-11,2,3,21,23,26,29,3,3
2013-09-14,1,2,15,25,28,34,4,1
2013-09-18,6,7,11,17,31,33,1,6
2013-09-21,4,8,12,17,23,26,1,13
2013-09-25,12,15,18,22,35,38,10,8
2013-09-28,3,9,20,29,36,38,4,4
2013-10-02,8,12,20,30,31,37,7,11
2013-10-05,2,8,15,18,28,30,2,1
2013-10-09,12,19,20,23,28,31,6,1
2013-10-12,6,12,26,27,32,33,4,1
2013-10-16,4,8,14,15,19,37,3,9
2013-10-19,10,17,20,25,27,30,5,1
2013-10-23,12,14,17,21,30,38,8,1
2013-10-26,4,5,13,18,27,34,5,7
2013-10-30,6,13,20,27,30,31,7,3
2013-11-02,15,18,20,22,26,28,3,12
2013-11-06,11,22,23,28,34,35,7,10
2013-11-09,4,9,15,23,37,38,4,5
2013-11-13,1,4,8,9,12,28,5,7
2013-11-16,10,21,22,23,24,35,5,7
2013-11-20,1,6,19,21,24,38,5,1
2013-11-23,1,2,16,21,30,38,3,9
2013-11-27,1,4,6,8,9,17,1,2
2013-11-30,4,10,11,29,36,38,10,2
2013-12-04,8,9,10,11,12,34,5,3
2013-12-07,4,6,12,13,15,21,1,5
2013-12-11,18,22,27,28,33,35,2,8
2013-12-14,3,6,27,28,35,38,5,1
2013-12-18,1,8,18,26,33,36,7,13
2013-12-21,12,16,17,25,27,36,1,9
2013-12-28,2,26,30,34,35,36,5,14
2014-01-04,7,21,22,25,32,37,5,6
2014-01-08,7,11,14,21,22,24,2,5
2014-01-11,1,5,14,16,29,33,3,5
2014-01-15,6,13,19,24,31,33,6,1
2014-01-18,9,13,27,34,36,37,3,4
2014-01-22,7,14,17,25,33,37,6,6
2014-01-25,13,14,20,24,25,35,5,4
2014-01-29,1,13,14,15,34,37,1,4
2014-02-01,10,11,14,18,31,33,1,4
2014-02-05,7,10,12,24,33,34,6,15
2014-02-08,8,10,11,17,22,33,9,6
2014-02-12,1,6,18,26,29,32,2,1
2014-02-15,1,6,16,24,30,37,9,1
2014-02-19,1,4,5,12,29,34,4,5
2014-02-22,4,8,11,21,33,34,3,4
2014-02-26,5,6,8,20,35,38,1,11
2014-03-01,13,24,25,30,31,32,2,15
2014-03-05,1,8,12,14,28,34,9,3
2014-03-08,4,6,15,18,20,28,8,3
2014-03-15,3,5,10,22,26,33,4,2
2014-03-19,5,13,14,16,19,34,10,7
2014-03-22,6,9,10,20,21,27,1,1
2014-03-26,3,9,12,16,22,38,8,1
2014-03-29,10,16,18,19,31,37,1,9
2014-04-02,4,7,20,25,32,38,9,6
2014-04-05,3,13,15,16,19,30,3,4
2014-04-09,8,12,14,19,20,28,4,5
2014-04-12,10,14,15,27,34,37,9,13
2014-04-16,17,20,33,34,37,38,4,6
2014-04-19,4,15,17,22,28,30,3,3
2014-04-23,6,8,23,29,30,36,9,1
2014-04-26,7,19,20,21,24,27,4,7
2014-04-30,12,14,18,29,30,31,7,1
2014-05-03,9,11,13,34,37,38,8,1
2014-05-07,19,22,34,36,37,38,9,9
2014-05-10,1,3,7,16,20,24,2,1
2014-05-14,11,17,18,23,34,35,7,1
2014-05-17,16,23,25,26,35,38,6,15
2014-05-24,3,4,11,17,32,37,3,2
2014-05-28,1,5,6,14,22,38,10,14
2014-05-31,1,7,18,20,21,23,7,7
2014-06-04,10,12,24,27,28,34,10,7
2014-06-07,7,8,12,13,16,26,8,1
2014-06-11,8,9,14,15,19,38,8,14
2014-06-14,5,12,31,32,35,36,10,6
2014-06-18,18,19,20,31,34,35,3,11
2014-06-21,7,10,26,30,31,32,10,15
2014-06-25,11,13,16,28,30,38,6,3
2014-06-28,3,12,21,27,32,33,3,7
2014-07-02,4,10,12,18,20,21,1,6
2014-07-05,3,6,16,19,22,28,4,1
2014-07-09,15,20,21,33,37,38,6,9
2014-07-12,5,18,23,25,32,38,10,10
2014-07-16,3,7,14,19,20,33,6,5
2014-07-19,2,4,21,23,26,35,8,10
2014-07-23,4,6,14,20,26,28,5,15
2014-07-26,2,9,20,23,26,36,6,4
2014-07-30,12,19,20,22,28,29,1,15
2014-08-02,1,23,27,30,34,35,2,1
2014-08-06,2,8,18,31,33,37,8,5
2014-08-09,12,18,24,31,32,35,3,1
2014-08-13,5,8,10,20,21,27,4,2
2014-08-16,14,17,18,23,26,27,2,4
2014-08-20,5,13,16,28,34,36,5,3
2014-08-23,5,10,13,16,27,32,8,12
2014-08-27,5,13,24,26,32,36,8,1
2014-08-30,2,16,27,36,37,38,9,7
2014-09-03,1,11,18,20,21,25,7,3
2014-09-06,6,10,13,18,29,35,4,7
2014-09-10,2,11,13,14,32,35,5,14
2014-09-13,6,9,13,18,21,26,8,4
2014-09-17,7,11,18,23,31,32,9,2
2014-09-20,7,12,14,22,25,30,9,1
2014-09-24,12,13,14,16,29,31,5,7
2014-09-27,18,27,32,33,34,38,7,1
2014-10-01,5,9,14,24,30,35,1,5
2014-10-04,7,10,17,18,27,29,10,1
2014-10-08,7,26,27,30,32,36,4,11
2014-10-11,4,12,15,21,26,36,7,5
2014-10-15,1,4,17,18,33,38,3,6
2014-10-18,8,9,19,27,31,32,10,2
2014-10-22,8,14,16,17,19,27,10,9
2014-10-25,14,17,18,22,24,37,3,9
2014-10-29,2,4,12,21,23,26,4,8
2014-11-01,1,11,16,18,25,37,8,1
2014-11-05,4,9,10,18,30,38,4,3
2014-11-08,3,19,21,23,29,35,2,1
2014-11-12,1,17,19,33,35,38,2,6
2014-11-15,1,13,17,23,26,33,5,4
2014-11-19,4,12,20,28,29,38,3,7
2014-11-22,4,9,10,14,29,34,8,6
2014-11-26,1,12,28,29,31,36,4,2
2014-11-29,1,2,32,35,36,37,2,5
2014-12-03,11,17,27,28,31,35,4,12
2014-12-06,8,16,24,27,29,36,1,7
2014-12-10,4,15,16,31,35,36,3,6
2014-12-13,6,7,13,22,30,33,5,12
2014-12-17,5,11,12,15,29,34,1,1
2014-12-20,13,17,20,31,34,37,6,14
2014-12-27,2,15,16,25,28,35,4,4
2015-01-03,6,16,18,19,20,31,3,1
2015-01-07,2,5,8,11,13,25,6,4
2015-01-10,4,6,20,23,27,36,6,1
2015-01-14,4,6,15,16,32,36,3,2
2015-01-17,2,9,11,13,21,36,4,1
2015-01-21,8,9,18,19,20,26,4,4
2015-01-24,3,4,7,15,21,33,9,1
2015-01-28,2,5,16,20,23,26,10,15
2015-01-31,2,17,25,27,35,37,8,3
2015-02-04,1,3,10,12,18,34,1,1
2015-02-07,5,15,17,18,26,38,1,2
2015-02-11,2,5,9,18,24,38,9,3
2015-02-14,4,5,22,29,32,35,6,2
2015-02-18,3,9,11,17,26,32,6,8
2015-02-21,1,2,12,18,24,29,9,2
2015-02-25,12,17,25,29,31,35,3,5
2015-02-28,6,13,15,21,32,33,2,9
2015-03-07,5,8,23,26,32,35,2,6
2015-03-11,15,17,18,21,25,34,4,15
2015-03-14,5,6,9,24,32,37,6,12
2015-03-18,3,9,27,29,31,35,7,1
2015-03-21,16,25,27,28,32,36,8,1
2015-03-25,20,22,29,34,35,36,4,8
2015-03-28,1,14,26,30,31,36,5,12
2015-04-01,2,7,13,28,30,34,8,1
2015-04-04,3,7,13,19,25,27,2,9
2015-04-08,8,11,18,28,32,35,10,2
2015-04-11,7,20,21,30,33,35,2,11
2015-04-15,3,5,11,30,31,34,6,13
2015-04-18,5,7,8,11,17,28,8,1
2015-04-22,4,13,16,20,26,37,3,11
2015-04-25,1,2,3,4,6,30,7,8
2015-04-29,6,9,17,18,21,23,6,12
2015-05-02,2,7,18,21,26,27,6,3
2015-05-06,2,17,18,20,29,34,8,3
2015-05-09,4,10,23,25,29,34,3,9
2015-05-13,2,8,9,12,21,24,3,1
2015-05-16,9,20,25,27,29,30,4,1
2015-05-20,2,10,20,29,35,36,5,13
2015-05-23,4,5,15,18,21,34,8,13
2015-05-27,6,9,11,17,18,31,3,7
2015-05-30,3,5,6,21,24,34,7,1
2015-06-03,18,19,23,28,29,37,6,1
2015-06-06,6,10,19,29,30,33,1,1
2015-06-10,3,16,19,20,32,36,4,10
2015-06-13,8,19,21,22,24,36,4,8
2015-06-17,2,9,18,25,30,38,10,1
2015-06-20,1,12,23,25,30,32,3,2
2015-06-24,7,10,21,33,36,38,10,2
2015-06-27,1,11,15,20,21,30,7,1
2015-07-01,7,11,18,25,28,31,4,1
2015-07-04,7,11,14,25,35,37,3,1
2015-07-08,4,12,14,20,25,29,5,12
2015-07-11,14,16,19,20,35,36,1,12
2015-07-15,12,17,20,25,26,33,2,5
2015-07-18,2,5,22,28,30,31,7,8
2015-07-22,3,29,32,36,37,38,10,3
2015-07-25,9,14,16,34,35,36,4,3
2015-07-29,21,26,27,28,30,36,5,6
2015-08-01,2,5,10,11,12,29,8,9
2015-08-05,1,10,12,23,32,37,10,7
2015-08-08,1,21,24,34,36,38,8,6
2015-08-12,13,19,28,33,37,38,9,2
2015-08-15,11,19,23,24,34,36,9,14
2015-08-19,6,7,13,18,27,34,8,5
2015-08-22,7,9,20,22,30,33,4,7
2015-08-26,4,10,18,24,28,32,3,1
2015-08-29,17,24,27,32,34,38,7,2
2015-09-02,5,6,10,17,22,36,4,13
2015-09-05,4,8,11,23,26,37,2,4
2015-09-09,5,8,16,17,23,35,5,14
2015-09-12,1,13,14,28,34,36,8,3
2015-09-16,6,26,29,30,31,36,7,5
2015-09-19,15,17,21,26,29,38,2,1
2015-09-23,4,8,14,25,27,29,3,7
2015-09-26,1,3,22,23,35,36,3,1
2015-09-30,2,11,16,20,30,37,7,2
2015-10-03,16,19,20,22,26,31,3,12
2015-10-07,6,19,21,22,28,33,2,15
2015-10-10,3,12,13,21,24,37,2,9
2015-10-14,5,6,10,12,21,36,2,6
2015-10-17,4,6,17,20,24,30,3,1
2015-10-21,2,11,28,30,31,34,8,1
2015-10-24,6,11,14,18,24,25,9,1
2015-10-28,10,14,19,28,33,38,10,12
2015-10-31,1,5,6,10,17,33,1,9
2015-11-04,1,4,11,28,29,36,2,3
2015-11-07,10,11,21,26,30,35,4,6
2015-11-11,13,17,18,30,32,33,5,3
2015-11-14,9,14,18,27,34,37,5,15
2015-11-18,1,10,12,30,33,38,4,1
2015-11-21,2,4,6,22,24,29,8,12
2015-11-25,2,5,6,15,23,30,3,14
2015-11-28,2,4,7,12,20,29,4,1
2015-12-02,8,12,15,27,28,36,4,7
2015-12-05,2,10,13,18,25,27,10,1
2015-12-09,14,15,16,20,29,31,7,1
2015-12-12,1,3,4,12,19,30,1,1
2015-12-16,6,8,13,27,30,32,7,4
2015-12-19,10,16,21,22,23,35,1,7
2015-12-23,5,16,33,36,37,38,8,2
2015-12-26,1,6,12,13,15,38,6,15
2015-12-30,9,19,20,28,29,35,4,1
2016-01-02,2,7,18,30,32,36,6,13
2016-01-06,4,11,14,17,20,25,9,12
2016-01-09,10,11,13,20,22,35,3,7
2016-01-13,9,10,11,22,29,30,4,4
2016-01-16,9,20,26,31,35,36,8,3
2016-01-20,13,19,24,29,31,38,9,1
2016-01-23,6,8,9,16,26,32,10,2
2016-01-27,16,18,21,22,26,30,4,9
2016-01-30,6,17,25,30,32,34,10,4
2016-02-03,1,6,12,14,17,31,3,5
2016-02-06,1,9,10,27,36,37,2,3
2016-02-10,9,11,14,16,27,33,4,7
2016-02-13,9,10,15,31,37,38,2,11
2016-02-17,1,2,9,18,19,27,4,2
2016-02-20,5,16,17,22,24,28,2,1
2016-02-24,6,13,17,18,28,29,6,4
2016-02-27,3,6,7,29,34,37,3,1
2016-03-02,1,3,6,9,10,16,5,1
2016-03-05,8,11,19,25,32,34,10,6
2016-03-09,10,11,18,26,29,35,9,1
2016-03-12,8,9,14,16,24,25,9,1
2016-03-16,16,20,25,31,32,38,1,11
2016-03-19,4,8,15,21,29,34,2,1
2016-03-23,3,7,15,19,25,38,8,2
2016-03-26,2,7,8,10,22,24,1,3
2016-03-30,7,21,22,24,28,32,10,1
2016-04-02,5,18,23,27,32,34,5,4
2016-04-06,4,8,9,19,31,35,9,1
2016-04-09,14,15,16,18,22,27,5,13
2016-04-13,7,9,10,14,19,38,1,1
2016-04-16,3,17,20,25,28,35,7,1
2016-04-20,4,24,29,32,36,38,5,1
2016-04-23,2,8,14,32,33,36,4,1
2016-04-27,2,12,14,15,28,32,7,5
2016-04-30,8,20,27,36,37,38,2,3
2016-05-04,5,7,11,20,31,33,3,4
2016-05-07,9,17,18,25,33,37,5,5
2016-05-11,16,17,20,27,32,37,1,1
2016-05-18,1,2,8,9,21,27,2,2
2016-05-21,14,22,24,30,35,36,6,2
2016-05-25,11,12,20,26,30,33,3,1
2016-05-28,5,7,18,25,27,29,3,7
2016-06-01,14,18,24,27,30,31,8,1
2016-06-04,6,11,15,16,24,26,4,1
2016-06-08,2,7,20,30,33,37,8,5
2016-06-11,2,7,12,26,28,29,6,2
2016-06-15,20,21,23,25,26,31,1,7
2016-06-18,8,11,14,16,19,20,6,10
2016-06-22,7,16,24,30,31,32,3,8
2016-06-25,4,8,9,10,24,38,6,11
2016-06-29,7,9,10,16,19,25,8,4
2016-07-02,18,25,26,34,36,38,2,8
2016-07-06,3,8,13,14,16,23,5,3
2016-07-09,8,12,18,22,27,33,7,2
2016-07-13,12,14,23,24,26,27,9,3
2016-07-16,3,4,16,19,20,26,6,8
2016-07-20,8,15,20,28,32,34,2,4
2016-07-23,10,11,18,19,20,31,10,2
2016-07-27,1,14,15,19,24,37,2,15
2016-07-30,4,7,14,23,24,31,9,9
2016-08-03,17,20,21,22,23,24,8,1
2016-08-06,10,17,19,28,32,36,7,1
2016-08-10,1,16,17,18,19,24,8,3
2016-08-13,2,6,16,28,35,36,9,1
2016-08-17,16,24,26,29,34,38,1,3
2016-08-20,3,7,17,21,26,33,6,3
2016-08-24,3,13,14,19,22,24,7,5
2016-08-27,4,9,11,23,26,33,4,6
2016-08-31,1,2,7,19,21,28,4,1
2016-09-03,1,6,9,15,26,36,3,9
2016-09-07,4,6,9,14,18,26,9,2
2016-09-10,8,17,18,20,27,37,3,12
2016-09-14,3,7,14,18,25,31,7,1
2016-09-17,12,16,18,19,30,38,7,6
2016-09-21,6,11,18,21,27,33,6,7
2016-09-24,2,5,13,15,19,27,4,2
2016-09-28,2,3,10,15,30,31,2,5
2016-10-01,10,15,25,30,33,34,9,14
2016-10-05,5,8,11,16,20,30,9,2
2016-10-08,3,7,14,21,35,36,8,4
2016-10-12,4,8,10,14,19,31,3,2
2016-10-15,10,20,27,28,31,35,1,6
2016-10-19,10,13,18,24,25,30,10,1
2016-10-22,1,14,16,30,35,37,8,2
2016-10-26,3,5,7,10,11,37,1,9
2016-10-29,13,19,21,22,26,37,10,12
2016-11-02,7,10,18,23,28,31,4,5
2016-11-05,3,13,15,18,25,28,9,4
2016-11-09,4,11,18,24,32,33,7,10
2016-11-12,1,10,13,20,21,25,8,1
2016-11-16,6,15,16,17,23,31,7,1
2016-11-19,4,10,14,17,33,38,10,9
2016-11-23,4,11,14,31,35,37,3,2
2016-11-26,6,9,12,27,29,36,1,15
2016-11-30,8,26,27,32,37,38,10,6
2016-12-03,1,6,19,21,32,36,2,1
2016-12-07,2,13,15,32,33,34,3,3
2016-12-10,2,9,10,11,35,37,4,9
2016-12-14,6,13,20,30,36,38,3,1
2016-12-17,19,24,25,26,27,35,2,1
2016-12-21,10,11,21,23,25,32,6,3
2016-12-28,1,5,14,15,26,31,5,1
2017-01-04,4,7,9,13,19,25,6,1
2017-01-07,14,20,24,27,31,38,6,3
2017-01-11,3,7,22,23,25,28,7,2
2017-01-14,1,10,11,12,28,36,9,1
2017-01-18,3,14,33,35,36,38,3,2
2017-01-21,3,4,6,9,28,29,4,1
2017-01-25,4,11,20,23,27,38,5,4
2017-01-28,17,23,24,29,30,34,10,9
2017-02-01,7,18,19,21,35,36,2,12
2017-02-04,26,30,32,35,37,38,8,3
2017-02-08,5,6,7,10,15,32,8,1
2017-02-11,2,3,5,6,10,16,8,2
2017-02-15,5,8,11,17,36,38,8,14
2017-02-18,13,15,16,18,26,33,8,1
2017-02-22,1,16,25,26,28,34,1,3
2017-02-25,1,6,17,24,34,37,9,1
2017-03-01,2,10,22,25,29,33,2,5
2017-03-04,3,29,30,31,36,38,10,1
2017-03-08,3,6,9,21,32,37,9,2
2017-03-11,7,9,16,22,25,35,1,3
2017-03-15,9,11,13,15,34,36,9,7
2017-03-18,8,18,21,29,33,35,2,6
2017-03-22,2,16,27,29,33,36,2,7
2017-03-25,20,21,25,27,30,35,7,6
2017-03-29,2,5,18,23,36,37,5,1
2017-04-01,14,19,22,28,31,33,2,1
2017-04-05,2,5,16,23,26,30,5,1
2017-04-08,13,14,16,27,35,36,3,2
2017-04-12,1,4,9,22,31,34,4,1
2017-04-15,3,9,13,16,25,34,10,2
2017-04-19,3,12,19,22,24,25,10,1
2017-04-22,9,18,29,32,33,35,1,10
2017-04-26,2,13,14,19,20,26,3,3
2017-04-29,6,8,24,26,27,30,8,13
2017-05-03,9,14,16,17,35,37,4,1
2017-05-06,4,15,24,26,32,36,2,6
2017-05-10,6,15,16,24,26,35,1,3
2017-05-13,5,10,16,27,28,36,10,11
2017-05-17,1,6,9,27,36,38,7,3
2017-05-20,1,2,9,11,19,27,5,2
2017-05-24,10,12,27,29,35,37,1,3
2017-05-27,5,6,8,13,30,33,2,4
2017-05-31,2,5,8,22,26,34,6,12
2017-06-03,4,5,6,15,18,24,3,1
2017-06-07,6,23,30,32,37,38,4,1
2017-06-10,6,15,16,25,30,36,8,1
2017-06-14,2,12,18,33,34,37,5,3
2017-06-17,3,4,5,17,22,25,9,1
2017-06-21,9,10,21,22,30,35,4,1
2017-06-24,19,22,23,26,35,38,1,3
2017-06-28,1,13,15,17,27,30,3,14
2017-07-01,3,5,22,24,25,36,9,1
2017-07-05,6,11,16,17,20,27,6,3
2017-07-08,4,9,21,27,28,37,6,1
2017-07-12,2,6,17,21,22,31,2,1
2017-07-15,4,12,15,21,23,34,7,1
2017-07-19,5,6,11,18,27,29,7,1
2017-07-22,1,13,15,16,20,30,6,4
2017-07-26,9,13,27,30,32,38,7,3
2017-07-29,1,3,4,6,10,34,4,3
2017-08-02,5,13,16,24,30,35,1,1
2017-08-05,2,5,11,19,24,35,1,7
2017-08-09,12,13,27,30,31,32,2,3
2017-08-12,2,7,19,28,30,37,3,15
2017-08-16,1,7,8,11,18,19,7,1
2017-08-19,2,10,25,29,31,32,1,1
2017-08-23,3,12,15,17,26,33,6,3
2017-08-26,5,12,13,27,32,36,8,7
2017-08-30,3,4,13,21,36,37,4,15
2017-09-02,2,4,10,26,29,31,6,6
2017-09-06,1,8,10,16,22,23,6,15
2017-09-09,1,6,11,18,30,38,2,3
2017-09-13,7,9,16,21,29,31,3,15
2017-09-16,7,12,19,20,28,38,7,15
2017-09-20,3,4,17,19,32,35,4,1
2017-09-23,3,13,19,24,28,30,1,2
2017-09-27,6,8,15,21,26,31,9,15
2017-09-30,13,14,16,25,28,31,3,10
2017-10-04,8,11,12,31,35,38,6,1
2017-10-07,21,22,25,26,32,34,5,4
2017-10-11,1,2,7,12,22,34,7,1
2017-10-14,7,11,14,27,34,38,6,15
2017-10-18,6,22,23,31,33,38,6,1
2017-10-21,12,24,25,27,32,34,5,2
2017-10-25,7,9,11,29,37,38,8,3
2017-10-28,10,20,27,30,33,35,10,15
2017-11-01,3,7,10,15,19,28,3,3
2017-11-04,1,6,10,12,32,33,3,2
2017-11-08,4,13,15,25,29,35,9,3
2017-11-11,1,4,7,13,27,28,3,15
2017-11-15,2,8,10,11,16,17,10,3
2017-11-18,12,14,16,19,26,27,2,15
2017-11-22,11,13,17,30,36,38,9,15
2017-11-25,2,3,6,10,15,27,2,15
2017-11-29,5,6,9,12,28,31,9,1
2017-12-02,7,15,19,25,30,38,8,2
2017-12-06,6,9,13,25,28,34,8,2
2017-12-09,16,22,24,26,29,37,7,1
2017-12-13,1,2,9,10,13,30,8,15
2017-12-16,7,13,16,20,25,38,5,3
2017-12-20,1,5,13,15,26,32,10,15
2017-12-23,9,15,21,24,26,31,6,15
2017-12-27,4,10,16,25,29,31,9,15
2017-12-30,1,6,14,16,20,23,2,2
2018-01-03,6,15,18,19,31,33,8,15
2018-01-06,7,8,10,26,31,36,2,10
2018-01-10,5,14,20,25,28,34,7,1
2018-01-13,8,17,28,29,33,38,9,1
2018-01-17,3,6,11,15,18,22,6,3
2018-01-20,5,19,22,26,34,36,5,14
2018-01-24,1,6,22,32,33,35,2,1
2018-01-27,2,16,18,24,28,33,10,1
2018-01-31,1,4,16,22,26,38,4,7
2018-02-03,3,10,20,24,30,37,1,1
2018-02-07,2,13,21,25,29,36,1,15
2018-02-10,12,13,20,24,29,34,7,1
2018-02-14,1,2,7,14,20,21,8,1
2018-02-17,5,11,18,20,25,27,7,1
2018-02-21,8,9,14,18,33,36,9,15
2018-02-24,3,7,11,21,27,32,5,15
2018-02-28,6,9,19,20,25,35,6,15
2018-03-03,1,2,7,21,24,25,3,3
2018-03-07,5,15,24,32,33,38,10,2
2018-03-10,4,20,21,23,32,36,7,2
2018-03-14,14,16,24,26,27,29,2,3
2018-03-17,5,11,19,20,21,23,8,9
2018-03-21,5,8,9,24,28,33,3,3
2018-03-24,17,21,22,24,32,35,9,9
2018-03-28,2,5,14,17,21,36,6,2
2018-03-31,9,13,16,24,36,37,4,1
2018-04-04,2,17,18,30,32,33,10,2
2018-04-07,3,6,15,27,28,32,1,13
2018-04-11,6,10,25,26,29,35,5,1
2018-04-14,7,8,24,29,31,36,8,15
2018-04-18,5,10,13,18,24,30,5,1
2018-04-21,4,15,16,19,28,30,2,15
2018-04-25,7,20,21,23,24,30,7,15
2018-04-28,6,8,17,26,32,36,1,7
2018-05-02,6,9,22,27,28,31,7,1
2018-05-05,3,12,21,26,27,29,10,1
2018-05-09,2,8,14,17,28,33,9,1
2018-05-12,1,2,3,4,31,37,6,3
2018-05-16,3,13,21,30,34,37,4,10
2018-05-19,7,9,24,32,33,36,5,15
2018-05-23,12,13,25,29,37,38,2,3
2018-05-26,11,18,19,23,35,38,10,2
2018-05-30,3,9,19,22,27,36,9,15
2018-06-02,3,11,26,28,29,36,4,1
2018-06-06,5,13,17,21,23,35,4,1
2018-06-09,5,7,18,19,27,37,9,3
2018-06-13,8,14,23,25,31,35,6,3
2018-06-16,1,7,12,15,25,35,10,1
2018-06-20,2,5,11,20,23,25,8,15
2018-06-23,14,15,23,26,28,37,6,2
2018-06-27,2,4,11,22,36,38,2,1
2018-06-30,2,7,18,26,30,33,8,1
2018-07-04,7,8,10,12,20,38,2,15
2018-07-07,10,11,12,15,21,24,4,1
2018-07-11,4,9,14,15,29,38,2,2
2018-07-14,1,12,13,25,26,32,1,1
2018-07-18,16,18,19,25,28,32,3,2
2018-07-21,13,19,21,27,33,35,7,9
2018-07-25,7,22,23,24,30,36,8,1
2018-07-28,6,7,9,13,24,32,2,2
2018-08-01,1,13,14,22,24,38,2,1
2018-08-04,1,12,15,18,25,37,6,3
2018-08-08,1,3,18,21,23,34,6,15
2018-08-11,1,2,6,8,15,19,6,15
2018-08-15,7,11,12,23,24,32,9,15
2018-08-18,3,7,11,30,31,32,7,9
2018-08-22,6,12,16,24,25,38,6,6
2018-08-25,1,5,10,32,37,38,3,2
2018-08-29,2,7,11,26,33,36,3,6
2018-09-01,2,6,14,31,32,38,1,7
2018-09-05,2,16,17,20,24,25,4,12
2018-09-08,1,2,11,22,30,32,2,15
2018-09-12,2,10,12,15,26,38,5,5
2018-09-15,7,11,23,26,30,33,4,10
2018-09-19,3,5,14,21,34,36,7,14
2018-09-22,10,11,19,27,30,35,4,7
2018-09-26,5,11,12,17,27,37,8,1
2018-09-29,12,19,23,24,28,34,5,6
2018-10-03,12,15,16,21,32,36,2,12
2018-10-06,3,10,15,18,23,28,7,11
2018-10-10,4,12,22,28,31,35,4,4
2018-10-13,7,8,23,25,31,36,2,3
2018-10-17,1,13,14,26,28,30,2,7
2018-10-20,7,18,24,25,26,35,10,7
2018-10-24,1,5,9,22,24,35,3,4
2018-10-27,8,16,18,22,28,37,7,6
2018-10-31,3,4,7,10,27,32,4,9
2018-11-03,8,14,16,18,32,33,10,12
2018-11-07,3,6,15,26,32,34,6,11
2018-11-10,11,20,23,26,35,36,4,3
2018-11-14,5,9,15,21,22,34,2,4
2018-11-17,8,21,25,27,34,38,1,13
2018-11-21,4,12,20,21,29,32,2,3
2018-11-24,7,9,12,23,32,36,6,5
2018-11-28,12,18,19,20,23,28,3,13
2018-12-01,9,10,11,13,29,38,2,6
2018-12-05,4,6,15,31,36,37,6,9
2018-12-08,4,19,21,28,33,38,10,11
2018-12-12,19,21,27,30,34,37,8,8
2018-12-15,12,14,32,34,36,37,6,10
2018-12-19,1,5,7,13,26,36,5,15
2018-12-22,5,14,19,20,32,37,5,7
2018-12-26,3,5,14,21,23,30,8,9
2018-12-29,4,8,27,29,30,35,8,3
2019-01-02,2,5,9,17,31,37,5,2
2019-01-05,3,15,17,26,36,38,8,14
2019-01-09,8,9,15,26,28,32,1,4
2019-01-12,15,25,32,33,36,37,1,14
2019-01-16,3,22,23,26,29,37,5,1
2019-01-19,2,7,9,13,16,33,1,11
2019-01-23,15,19,26,32,33,36,9,3
2019-01-26,1,4,7,13,20,28,5,11
2019-01-30,2,7,10,12,20,34,5,5
2019-02-02,7,14,16,18,31,33,6,3
2019-02-06,2,8,13,19,20,31,3,15
2019-02-09,1,4,5,7,13,38,10,11
2019-02-13,8,12,23,26,30,37,6,10
2019-02-16,1,2,5,19,28,37,8,6
2019-02-20,6,8,10,11,18,31,10,1
2019-02-23,15,16,19,25,26,32,6,8
2019-02-27,1,3,8,11,26,30,7,5
2019-03-02,1,13,27,34,35,36,2,1
2019-03-06,3,4,11,12,18,29,3,4
2019-03-09,8,14,16,18,25,35,10,5
2019-03-13,2,6,18,29,31,36,4,10
2019-03-16,2,3,9,17,21,34,10,4
2019-03-20,1,3,4,9,11,18,4,9
2019-03-23,7,11,29,31,34,37,5,11
2019-03-27,5,17,21,31,34,36,6,5
2019-03-30,3,10,11,12,25,36,3,6
2019-04-03,6,18,22,25,28,38,1,9
2019-04-06,5,10,24,29,30,38,8,11
2019-04-10,12,15,18,23,25,31,4,1
2019-04-13,7,9,10,21,27,28,5,5
2019-04-17,1,3,13,20,35,36,1,13
2019-04-20,4,6,11,13,27,28,10,7
2019-04-24,1,7,19,33,36,38,1,2
2019-04-27,9,19,21,25,27,35,6,11
2019-05-01,9,10,11,13,19,23,4,7
2019-05-04,1,16,17,26,33,38,8,13
2019-05-08,1,8,14,29,31,37,10,15
2019-05-11,8,10,20,21,22,36,7,4
2019-05-15,5,16,17,29,34,35,4,12
2019-05-18,7,8,9,19,20,24,9,8
2019-05-22,3,9,13,23,28,30,6,7
2019-05-25,10,22,27,32,34,36,8,5
2019-05-29,7,12,17,20,25,37,9,14
2019-06-01,4,19,21,23,29,35,2,13
2019-06-05,18,22,23,28,29,38,10,6
2019-06-08,7,12,24,26,28,38,9,4
2019-06-12,6,20,26,30,35,37,8,5
2019-06-15,7,15,20,22,25,38,9,8
2019-06-19,7,9,22,23,28,36,4,4
2019-06-22,5,8,9,10,12,28,1,6
2019-06-26,6,7,12,15,33,34,3,5
2019-06-29,5,9,12,31,35,38,3,15
2019-07-03,2,5,6,23,27,35,6,8
2019-07-06,1,19,21,24,27,38,5,2
2019-07-10,1,6,18,21,27,35,1,7
2019-07-13,4,19,21,25,31,34,9,7
2019-07-17,7,12,15,18,25,36,2,3
2019-07-20,1,4,13,16,20,22,3,8
2019-07-24,1,3,4,10,13,28,7,11
2019-07-27,10,11,12,28,30,37,2,6
2019-07-31,12,18,20,21,25,29,1,15
2019-08-03,2,14,26,27,30,37,10,13
2019-08-07,1,8,10,22,26,37,2,9
2019-08-10,13,26,28,29,33,34,10,14
2019-08-14,6,9,10,20,24,32,3,3
2019-08-17,4,13,15,23,24,37,8,7
2019-08-21,6,13,16,25,26,35,9,13
2019-08-24,3,9,10,19,27,31,8,8
2019-08-28,10,11,14,19,20,23,10,12
2019-08-31,6,7,13,14,23,33,8,6
2019-09-04,13,21,23,26,27,32,7,14
2019-09-07,5,10,15,29,33,35,7,10
2019-09-11,3,9,10,20,23,26,9,8
2019-09-14,4,19,21,28,33,36,2,5
2019-09-18,7,14,16,17,34,36,9,4
2019-09-21,2,13,15,18,19,34,5,10
2019-09-25,7,15,16,17,29,30,2,1
2019-09-28,5,17,24,29,34,35,8,1
2019-10-02,4,7,19,25,30,34,7,14
2019-10-05,2,8,9,11,18,28,2,4
2019-10-09,15,16,18,22,23,30,5,2
2019-10-12,5,6,10,12,33,35,1,4
2019-10-16,3,12,17,19,34,37,2,11
2019-10-19,1,11,22,27,36,37,10,3
2019-10-23,9,10,14,16,22,27,10,7
2019-10-26,5,16,21,23,26,28,7,13
2019-10-30,9,14,22,25,30,38,3,8
2019-11-02,14,21,27,32,36,37,4,14
2019-11-06,5,11,19,22,23,26,1,10
2019-11-09,1,3,24,29,30,37,1,4
2019-11-13,6,8,10,12,13,20,1,11
2019-11-16,9,19,22,31,35,37,3,2
2019-11-20,3,8,26,29,34,35,7,1
2019-11-23,6,15,22,24,35,38,4,10
2019-11-27,2,3,9,15,17,33,1,8
2019-11-30,1,6,7,14,34,38,8,6
2019-12-04,2,4,7,20,22,33,1,14
2019-12-07,1,4,18,24,30,36,6,14
2019-12-11,5,12,14,24,33,35,1,8
2019-12-14,3,5,12,20,24,37,5,11
2019-12-18,1,7,12,23,35,38,2,11
2019-12-21,5,12,15,24,32,37,1,1
2019-12-28,5,6,19,28,29,32,7,4
2020-01-04,5,8,15,18,25,30,4,12
2020-01-08,13,14,26,27,29,30,5,7
2020-01-11,4,6,7,23,30,36,2,1
2020-01-15,3,4,10,27,31,33,8,5
2020-01-18,2,3,5,10,14,20,8,7
2020-01-22,16,19,30,31,32,35,6,12
2020-01-25,11,14,21,24,30,35,3,6
2020-01-29,7,13,15,18,31,37,8,11
2020-02-01,3,8,15,16,20,29,9,3
2020-02-05,11,13,18,23,33,34,6,11
2020-02-08,1,2,21,33,35,37,7,9
2020-02-12,5,9,16,25,37,38,4,7
2020-02-15,1,13,14,28,29,35,10,9
2020-02-19,1,3,10,17,21,29,10,6
2020-02-22,12,14,20,25,27,37,2,15
2020-02-26,4,6,8,11,13,38,5,3
2020-02-29,6,13,14,24,25,29,7,11
2020-03-04,1,10,18,23,28,30,5,12
2020-03-07,7,9,15,20,26,27,3,4
2020-03-11,11,12,14,25,28,30,6,13
2020-03-14,6,11,19,24,28,32,6,8
2020-03-18,10,12,16,19,21,24,10,7
2020-06-03,7,15,20,22,29,32,4,14
2020-06-06,3,13,23,34,35,38,8,4
2020-06-10,2,7,12,28,34,36,6,2
2020-06-13,3,7,9,15,22,30,5,3
2020-06-17,1,11,14,16,24,37,3,5
2020-06-20,6,8,13,18,31,37,2,13
2020-06-24,11,22,24,28,33,34,5,7
2020-07-01,4,8,14,20,23,28,3,13
2020-07-04,6,23,26,31,32,35,5,13
2020-07-08,3,4,7,8,23,37,7,7
2020-07-11,7,9,19,22,31,37,2,12
2020-07-15,18,20,22,25,32,38,5,4
2020-07-18,4,15,22,26,31,33,7,12
2020-07-22,7,14,29,33,36,38,4,8
2020-07-25,2,15,17,20,25,27,5,15
2020-07-29,15,23,26,30,33,36,9,5
2020-08-01,3,5,10,12,17,30,7,1
2020-08-05,2,3,13,27,36,37,4,13
2020-08-08,1,7,10,13,32,36,9,13
2020-08-12,3,6,14,21,25,35,4,1
2020-08-15,2,6,8,11,27,35,5,12
2020-08-19,1,9,11,12,17,34,10,7
2020-08-22,4,6,7,10,16,20,7,9
2020-08-26,1,4,8,16,19,28,6,5
2020-08-29,1,19,21,28,35,36,4,1
2020-09-02,1,5,18,21,28,36,7,11
2020-09-05,1,10,16,28,34,35,2,14
2020-09-09,2,7,8,10,27,30,5,14
2020-09-12,5,6,9,11,19,37,8,6
2020-09-16,3,23,27,28,31,33,5,2
2020-09-19,5,7,10,12,28,35,6,2
2020-09-23,2,19,26,28,30,32,1,6
2020-09-26,4,5,11,21,31,34,6,2
2020-09-30,11,15,16,20,29,31,4,4
2020-10-03,17,18,26,27,34,36,6,14
2020-10-07,3,5,10,26,28,29,7,11
2020-10-10,7,12,15,17,18,31,9,7
2020-10-14,2,7,16,26,28,34,1,3
2020-10-17,2,5,11,12,31,34,7,4
2020-10-21,15,20,23,28,30,34,9,8
2020-10-24,4,8,21,26,28,30,10,12
2020-10-28,3,9,10,25,28,33,10,14
2020-10-31,16,26,27,28,37,38,1,5
2020-11-04,9,12,24,28,36,37,5,2
2020-11-07,3,5,11,24,31,33,4,7
2020-11-11,2,8,12,23,31,37,5,15
2020-11-14,5,13,14,17,25,35,5,13
2020-11-18,5,7,18,24,26,37,5,6
2020-11-21,2,11,15,16,27,38,4,5
2020-11-25,1,10,18,25,33,36,5,2
2020-11-28,4,5,11,15,33,34,5,1
2020-12-02,5,6,7,11,22,25,1,8
2020-12-05,1,8,9,10,24,28,7,15
2020-12-09,13,14,17,21,29,32,5,13
2020-12-12,2,10,11,22,26,29,5,12
2020-12-16,4,18,25,26,32,35,6,13
2020-12-19,15,18,19,24,25,27,2,5
2020-12-23,8,11,20,28,34,37,5,12
2020-12-26,17,18,25,29,36,37,9,11
2020-12-30,2,6,12,19,22,25,9,5
2021-01-02,1,3,6,22,24,30,3,7
2021-01-06,2,4,22,25,26,36,10,13
2021-01-09,6,7,9,14,26,31,6,8
2021-01-13,3,6,15,20,21,25,9,3
2021-01-16,7,13,14,16,28,30,4,7
2021-01-20,1,4,9,14,15,27,2,1
2021-01-23,14,15,20,25,35,38,3,10
2021-01-27,7,22,30,31,33,38,9,6
2021-01-30,1,27,31,33,36,37,10,4
2021-02-03,1,11,14,21,29,32,5,10
2021-02-06,3,6,7,12,30,34,4,5
2021-02-10,4,5,24,31,32,36,10,4
2021-02-13,16,19,20,24,26,28,3,7
2021-02-17,1,6,13,17,18,25,1,15
2021-02-20,1,3,6,12,13,15,9,3
2021-02-24,6,19,24,30,31,33,3,3
2021-02-27,5,6,10,33,35,36,5,8
2021-03-03,1,6,9,18,33,34,10,6
2021-03-06,8,17,32,33,35,37,6,8
2021-03-10,2,5,10,13,22,24,9,10
2021-03-13,4,9,11,27,29,31,1,6
2021-03-17,13,15,25,26,35,36,10,5
2021-03-20,3,5,6,7,17,22,7,13
2021-03-24,5,17,22,28,29,34,10,1
2021-03-27,15,21,22,30,37,38,5,2
2021-03-31,7,8,21,27,29,32,4,6
2021-04-03,2,13,19,22,25,31,5,13
2021-04-07,5,11,18,24,26,36,9,11
2021-04-10,9,10,11,15,24,35,2,3
2021-04-14,3,5,7,14,36,37,2,11
2021-04-17,7,11,27,32,37,38,6,14
2021-04-21,1,7,8,10,14,16,7,6
2021-04-24,10,13,14,21,29,31,7,10
2021-04-28,2,5,10,12,15,28,8,1
2021-05-01,9,11,15,18,25,27,3,4
2021-05-05,5,16,19,20,28,30,9,8
2021-05-08,10,14,21,23,36,37,10,5
2021-05-12,1,9,13,16,30,32,4,7
2021-05-15,2,17,18,28,36,38,7,5
2021-05-19,8,11,12,19,26,32,3,6
2021-05-22,5,7,9,15,24,38,2,3
2021-05-26,4,6,11,19,21,28,6,12
2021-05-29,14,21,22,26,30,32,7,14
2021-06-02,7,16,18,29,34,36,4,2
2021-06-05,5,7,21,24,31,38,5,4
2021-06-09,3,6,12,15,19,32,9,13
2021-06-12,22,23,29,31,35,38,2,9
2021-06-16,7,10,12,19,26,28,5,13
2021-06-19,14,17,18,27,29,32,2,8
2021-06-23,1,3,28,29,33,36,2,3
2021-06-26,6,9,16,20,21,33,10,7
2021-06-30,4,13,17,24,35,36,2,7
2021-07-03,9,16,22,27,29,30,4,1
2021-07-07,12,17,25,27,31,32,4,6
2021-07-10,1,13,16,20,32,38,6,2
2021-07-14,6,11,29,30,33,34,1,13
2021-07-17,6,20,22,27,28,32,4,3
2021-07-21,15,20,22,27,31,36,5,15
2021-07-24,2,8,25,30,31,32,6,4
2021-07-28,6,19,21,25,29,30,7,10
2021-07-31,17,21,25,28,31,36,3,4
2021-08-04,9,13,19,21,30,36,8,15
2021-08-07,2,8,11,18,22,30,10,11
2021-08-14,5,14,17,21,24,38,8,7
2021-08-18,13,14,23,24,26,34,9,13
2021-08-21,10,19,21,22,23,31,7,10
2021-08-25,2,5,24,25,34,35,6,1
2021-08-28,5,6,9,26,30,32,5,15
2021-09-01,4,15,16,18,27,38,4,7
2021-09-04,13,14,18,20,25,33,2,2
2021-09-08,3,9,12,17,31,36,7,10
2021-09-11,1,2,7,8,14,25,8,11
2021-09-15,1,10,13,18,23,27,8,9
2021-09-18,15,16,26,30,33,35,4,12
2021-09-22,7,22,27,29,30,33,10,4
2021-09-25,1,6,7,16,25,31,4,5
2021-09-29,5,8,11,13,20,28,4,3
2021-10-02,4,7,21,23,30,32,9,5
2021-10-06,5,11,12,18,19,28,5,12
2021-10-09,2,12,14,16,18,36,2,9
2021-10-13,15,16,26,27,33,37,10,13
2021-10-16,3,10,13,28,35,36,3,4
2021-10-20,11,14,15,17,18,19,4,10
2021-10-23,16,24,26,34,36,38,7,12
2021-10-27,15,20,27,31,32,37,9,3
2021-10-30,3,4,19,27,36,37,1,6
2021-11-03,4,10,27,31,34,36,2,5
2021-11-06,2,6,7,18,19,21,6,13
2021-11-10,7,8,12,15,22,23,8,15
2021-11-13,1,4,5,19,35,38,3,8
2021-11-17,5,8,23,24,28,38,1,5
2021-11-20,2,15,21,28,29,30,1,10
2021-11-24,6,8,17,27,31,36,9,10
2021-11-27,4,7,15,25,28,31,4,10
2021-12-01,3,4,11,23,32,33,7,6
2021-12-04,3,13,15,19,21,27,8,12
2021-12-08,5,6,17,24,30,36,2,6
2021-12-11,5,9,18,22,29,34,7,3
2021-12-15,2,4,11,12,21,28,10,14
2021-12-18,7,18,19,21,23,36,6,14
2021-12-22,1,3,7,13,17,36,6,12
2021-12-29,6,11,21,23,28,30,3,8
2022-01-05,1,11,25,30,31,36,2,1
2022-01-08,4,8,14,21,22,33,2,15
2022-01-12,6,11,13,21,32,33,9,2
2022-01-15,1,3,11,12,21,37,9,5
2022-01-19,22,23,26,29,35,37,6,10
2022-01-22,4,13,16,17,22,23,5,15
2022-01-26,8,10,17,22,25,34,3,6
2022-01-29,4,12,14,15,23,34,7,7
2022-02-02,5,11,12,17,24,32,5,7
2022-02-05,3,18,24,27,34,36,6,5
2022-02-09,2,4,8,9,16,17,10,15
2022-02-12,10,17,26,28,34,37,6,5
2022-02-16,11,16,30,33,34,35,5,14
2022-02-19,8,9,14,19,25,26,9,1
2022-02-23,18,19,21,22,29,33,5,11
2022-02-26,3,6,16,27,31,34,7,3
2022-03-02,7,8,11,15,24,35,8,7
2022-03-05,7,11,13,14,21,26,8,1
2022-03-09,4,6,12,29,32,33,6,11
2022-03-12,24,29,32,33,36,37,4,5
2022-03-16,1,4,17,22,26,34,10,6
2022-03-19,5,10,17,30,32,34,1,5
2022-03-23,4,7,8,25,28,32,9,11
2022-03-26,5,15,16,19,20,35,1,1
2022-03-30,4,8,11,12,20,36,10,5
2022-04-02,8,10,27,29,30,31,3,7
2022-04-06,6,22,23,27,29,30,8,14
2022-04-09,15,23,29,30,32,37,2,5
2022-04-13,10,14,26,29,33,36,9,9
2022-04-16,5,8,16,22,26,32,5,12
2022-04-20,9,18,26,32,37,38,2,5
2022-04-23,5,13,21,24,29,34,6,7
2022-04-27,14,22,27,28,29,35,8,10
2022-04-30,1,8,16,17,35,37,1,9
2022-05-04,3,7,17,18,21,31,12,12
2022-05-07,1,8,27,30,34,38,8,9
2022-05-11,5,11,13,20,23,25,6,8
2022-05-14,5,8,23,27,33,35,7,10
2022-05-18,10,23,28,29,32,34,3,1
2022-05-21,4,8,14,16,27,29,8,14
2022-05-25,9,10,12,16,30,37,7,3
2022-05-28,9,11,15,23,29,30,7,7
2022-06-01,3,17,21,28,32,34,12,8
2022-06-04,10,13,21,24,28,37,4,6
2022-06-08,1,4,14,18,34,36,6,9
2022-06-11,1,7,10,28,31,34,10,9
2022-06-15,10,11,14,26,27,32,4,8
2022-06-18,3,12,13,17,21,25,3,9
2022-06-22,11,13,21,33,34,36,2,11
2022-06-25,1,13,16,28,29,34,10,3
2022-06-29,7,9,16,25,32,35,5,15
2022-07-02,5,12,14,23,26,34,6,7
2022-07-06,2,8,10,17,21,33,9,10
2022-07-09,5,7,10,11,15,17,9,6
2022-07-13,8,15,20,28,32,33,1,2
2022-07-16,9,11,17,18,24,36,9,14
2022-07-20,9,10,20,24,26,35,11,3
2022-07-23,9,13,16,22,24,38,6,15
2022-07-27,4,5,12,20,21,37,8,1
2022-07-30,9,13,14,15,29,36,5,7
2022-08-03,14,20,27,33,34,36,6,1
2022-08-06,1,4,6,7,24,29,1,4
2022-08-10,4,6,7,14,25,28,6,10
2022-08-13,1,2,8,9,11,28,11,8
2022-08-17,6,11,12,24,31,34,11,9
2022-08-20,2,11,15,18,25,28,7,15
2022-08-24,5,16,22,28,36,38,2,4
2022-08-27,3,4,7,19,24,38,1,10
2022-08-31,7,8,9,16,18,34,2,12
2022-09-03,2,5,7,16,21,36,5,10
2022-09-07,13,14,17,27,29,37,1,12
2022-09-10,1,11,12,16,21,29,5,4
2022-09-14,8,10,13,27,28,35,4,7
2022-09-17,5,6,8,13,19,29,7,8
2022-09-21,2,15,19,25,27,37,10,5
2022-09-24,7,10,15,18,23,24,11,5
2022-09-28,1,8,17,19,25,32,5,10
2022-10-05,10,14,15,18,19,22,8,3
2022-10-12,1,11,17,23,27,31,3,13
2022-10-19,13,16,19,21,33,38,3,10
2022-10-26,3,6,21,28,31,33,5,10
2022-11-02,8,9,24,26,29,37,8,8
2022-11-09,3,5,6,15,25,26,4,5
2022-11-16,2,9,10,18,25,35,1,6
2022-11-19,2,4,8,20,36,38,11,7
2022-11-23,2,9,20,26,36,38,11,14
2022-11-30,18,19,21,30,33,38,11,3
2022-12-07,4,10,15,23,27,37,5,1
2022-12-14,5,6,20,22,24,26,2,2
2023-01-04,3,6,19,23,28,36,12,8
2023-01-11,9,17,30,31,35,37,11,7
2023-01-18,1,2,13,25,28,31,10,8
2023-01-25,1,10,11,12,25,38,12,9
2023-02-01,5,20,24,26,27,38,9,8
2023-02-08,2,4,5,8,23,32,8,6
2023-02-15,2,5,7,17,26,29,8,10
2023-02-22,6,8,10,20,23,29,3,6
2023-03-01,6,11,26,28,33,38,6,15
2023-03-08,6,10,13,28,31,33,8,5
2023-03-11,2,4,11,19,33,37,11,2
2023-03-15,3,26,32,35,36,37,8,7
2023-03-18,6,10,19,24,28,34,2,1
2023-03-22,10,18,26,28,29,36,8,5
2023-03-25,2,4,9,19,22,32,11,11
2023-03-29,11,15,17,22,24,28,6,8
2023-04-05,3,4,7,10,12,20,2,4
2023-04-12,1,10,17,18,22,36,10,5
2023-04-19,6,8,19,21,31,34,7,6
2023-04-26,3,5,12,32,34,38,5,3
2023-05-03,3,4,23,25,32,37,2,7
2023-05-17,5,10,16,23,29,34,2,4
2023-05-24,4,12,14,34,35,37,11,10
2023-05-31,2,12,15,19,26,33,3,7
2023-06-07,3,4,14,20,36,38,8,2
2023-06-14,10,13,20,23,30,37,6,12
2023-06-21,3,13,21,24,30,32,4,14
2023-06-28,6,18,28,31,33,35,2,5
2023-07-01,4,13,14,25,32,33,4,12
2023-07-05,1,11,13,20,27,28,12,7
2023-07-08,8,12,20,22,23,28,8,15
2023-07-12,3,7,8,10,19,33,9,3
2023-07-15,11,18,25,27,28,34,4,13
2023-07-19,1,2,3,4,5,9,10,14
2023-07-22,15,20,26,27,30,31,5,15
2023-07-26,6,24,30,31,34,35,3,8
2023-07-29,5,6,11,13,28,31,5,13
2023-08-02,2,14,25,26,33,38,8,6
2023-08-05,2,5,11,22,32,33,10,8
2023-08-09,22,27,28,29,34,36,4,5
2023-08-12,1,9,13,26,35,36,7,9
2023-08-16,3,10,11,18,22,28,2,4
2023-08-19,16,18,20,26,28,38,11,10
2023-08-26,1,9,12,20,24,25,11,13
2023-08-30,12,24,28,30,31,36,7,12
2023-09-02,2,4,9,24,30,37,11,4
2023-09-06,1,18,19,23,29,37,8,14
2023-09-09,1,2,7,27,34,37,11,13
2023-09-13,2,7,9,21,24,28,11,8
2023-09-16,1,9,18,28,36,38,7,5
2023-09-20,8,10,18,20,22,31,3,8
2023-09-23,3,10,14,19,24,30,9,2
2023-09-27,9,14,16,18,22,33,1,7
2023-09-30,1,12,15,19,21,23,1,12
2023-10-04,4,6,17,20,22,38,3,15
2023-10-07,5,18,26,29,30,31,7,11
2023-10-11,4,6,8,11,14,30,2,8
2023-10-14,3,6,7,13,20,23,8,14
2023-10-18,4,8,26,29,31,35,4,1
2023-10-21,14,18,25,29,33,35,11,12
2023-10-25,1,8,9,13,16,37,3,15
2023-10-28,14,20,27,31,34,37,11,4
2023-11-01,1,2,5,21,26,29,11,3
2023-11-04,5,12,15,23,25,33,1,12
2023-11-08,3,4,8,15,20,29,5,12
2023-11-11,2,5,17,23,30,37,7,3
2023-11-15,7,8,17,19,21,36,6,4
2023-11-22,7,12,14,15,20,22,5,1
2023-11-25,2,7,10,24,34,36,7,8
2023-11-29,1,9,13,17,20,38,4,9
2023-12-02,6,12,17,26,29,32,6,14
2023-12-06,14,18,22,26,30,32,4,12
2023-12-09,5,23,29,32,33,37,10,5
2023-12-13,19,24,25,32,34,37,10,13
2023-12-16,13,16,17,19,31,36,6,3
2023-12-20,5,17,23,24,26,34,3,3
2023-12-23,4,9,10,14,19,20,7,5
2023-12-27,2,4,12,35,37,38,7,12
2023-12-30,10,13,14,18,25,36,10,3
2024-01-03,11,24,27,31,33,38,11,13
2024-01-06,1,2,12,15,29,38,10,1
2024-01-10,8,14,15,20,32,33,8,11
2024-01-13,18,22,24,26,28,33,8,5
2024-01-17,13,16,27,29,32,34,7,8
2024-01-20,7,15,17,26,28,35,2,4
2024-01-24,1,6,19,22,26,31,9,11
2024-01-27,9,11,12,20,29,33,7,15
2024-01-31,20,22,24,30,33,38,2,5
2024-02-03,1,7,9,23,28,37,2,7
2024-02-07,7,11,24,25,28,38,11,6
2024-02-10,5,12,14,17,30,40,7,7
2024-02-14,9,11,15,22,27,39,8,5
2024-02-17,3,14,15,17,18,37,11,5
2024-02-21,7,13,20,28,30,33,4,2
2024-02-24,2,10,15,18,31,39,10,2
2024-02-28,7,8,15,17,25,30,5,11
2024-03-02,6,9,14,17,36,37,10,1
2024-03-06,22,24,29,33,36,38,12,5
2024-03-09,5,7,18,33,38,40,12,1
2024-03-13,8,14,22,26,35,40,3,1
2024-03-16,10,11,12,15,32,37,7,8
2024-03-20,4,15,17,19,25,33,5,7
2024-03-23,7,10,13,18,20,39,3,15
2024-03-27,6,17,24,32,34,40,5,1
2024-03-30,11,19,31,37,38,40,7,15
2024-04-03,1,6,7,15,25,28,1,9
2024-04-06,3,9,14,23,25,27,4,6
2024-04-10,2,8,11,19,23,29,8,13
2024-04-13,3,7,9,12,15,28,3,13
2024-04-17,1,15,17,23,34,39,2,2
2024-04-20,2,6,7,15,21,29,9,9
2024-04-24,6,8,9,17,30,38,4,9
2024-04-27,2,8,11,13,20,24,5,3
2024-05-01,12,18,19,20,37,40,12,2
2024-05-04,5,12,22,23,27,31,1,3
2024-05-08,11,12,28,29,35,40,11,9
2024-05-11,2,3,27,29,33,37,11,12
2024-05-15,1,2,18,20,21,28,1,13
2024-05-18,5,9,13,15,18,22,4,2
2024-05-22,1,4,9,21,25,26,1,1
2024-05-25,5,10,12,15,29,38,1,9
2024-05-29,3,18,21,22,28,40,5,13
2024-06-01,5,7,17,27,29,40,3,1
2024-06-05,8,19,20,27,29,36,8,4
2024-06-08,5,6,7,8,30,33,2,9
2024-06-12,1,6,11,22,32,39,7,12
2024-06-15,3,6,12,14,18,27,5,5
2024-06-19,2,14,22,33,35,39,1,15
2024-06-22,6,16,25,26,27,33,6,10
2024-06-26,2,3,4,12,23,30,8,7
2024-06-29,6,8,13,25,35,39,6,5
2024-07-03,1,3,11,20,28,31,10,5
2024-07-06,12,17,19,23,34,35,8,5
2024-07-10,3,5,7,21,29,30,4,13
2024-07-13,13,16,29,31,32,33,6,6
2024-07-17,6,9,10,11,32,39,4,5
2024-07-20,7,14,19,23,36,37,7,10
2024-07-24,10,15,18,24,31,34,2,14
2024-07-27,1,7,13,15,21,29,5,4
2024-07-31,1,8,12,19,20,22,10,3
2024-08-03,6,14,20,24,25,34,4,2
2024-08-07,1,4,15,18,24,37,11,6
2024-08-10,7,10,18,19,20,28,11,12
2024-08-14,6,23,24,25,30,38,4,4
2024-08-17,7,14,15,19,27,35,7,10
2024-08-21,6,7,25,31,32,33,12,5
2024-08-24,3,9,11,18,34,35,12,5
2024-08-28,7,13,25,26,31,40,1,13
2024-08-31,4,20,22,23,36,37,9,8
2024-09-04,4,10,13,21,25,33,11,8
2024-09-07,2,3,7,8,9,34,12,6
2024-09-11,13,20,25,33,36,39,10,11
2024-09-14,9,10,14,21,22,30,1,4
2024-09-18,1,2,5,14,25,37,6,1
2024-09-21,1,3,11,12,28,30,10,15
2024-09-25,1,5,17,24,31,33,1,4
2024-09-28,4,21,25,27,36,39,12,12
2024-10-02,7,9,19,20,31,35,10,12
2024-10-05,2,13,14,27,32,33,6,2
2024-10-09,3,11,16,19,35,36,8,14
2024-10-12,9,15,20,22,37,39,2,1
2024-10-16,8,23,25,29,32,38,8,6
2024-10-19,5,20,23,24,33,38,10,14
2024-10-23,10,11,20,22,31,36,5,7
2024-10-26,1,7,20,23,26,40,5,14
2024-10-30,3,6,13,19,23,34,6,5
2024-11-02,5,10,23,25,33,38,5,6
2024-11-06,13,22,24,33,36,38,8,5
2024-11-09,3,19,20,25,28,37,2,4
2024-11-13,12,23,31,35,37,39,8,15
2024-11-16,3,23,32,33,35,39,10,12
2024-11-20,22,24,25,29,32,37,8,12
2024-11-23,3,9,13,21,22,23,10,15
2024-11-27,13,23,24,32,33,34,5,15
2024-11-30,16,17,24,31,35,38,3,15
2024-12-04,1,8,10,27,35,39,6,3
2024-12-07,2,6,8,13,24,37,2,2
2024-12-11,7,17,18,22,24,35,9,4
2024-12-14,19,20,22,26,27,32,6,5
2024-12-18,8,11,19,25,26,38,7,14
2024-12-21,7,14,16,17,32,36,5,3
2024-12-28,3,4,10,11,22,37,2,14
2025-01-04,1,8,10,16,22,37,12,8
2025-01-08,3,9,15,17,36,38,6,6
2025-01-11,3,27,31,34,35,40,2,11
2025-01-15,6,7,12,13,32,36,7,6
2025-01-18,10,12,15,16,26,31,3,10
2025-01-22,6,10,16,27,30,35,4,12
2025-01-25,3,23,32,38,39,40,6,13
2025-01-29,1,3,6,8,22,36,8,15
2025-02-01,2,10,14,20,32,39,1,5
2025-02-05,3,5,14,23,25,36,5,13
2025-02-08,1,3,4,5,9,29,1,2
2025-02-12,2,3,4,20,22,25,9,13
2025-02-15,6,7,16,17,34,36,4,14
2025-02-19,7,12,22,30,32,34,8,4
2025-02-22,5,8,16,25,30,37,11,8
2025-02-26,1,3,5,22,30,35,7,2
2025-03-01,9,15,17,20,24,29,7,6
2025-03-05,2,13,16,17,18,19,1,6
2025-03-08,18,19,23,26,28,40,11,11
2025-03-12,1,2,5,21,28,38,8,10
2025-03-15,13,15,25,28,35,39,4,12
2025-03-19,1,2,16,20,26,35,5,1
2025-03-22,2,21,24,28,35,40,10,3
2025-03-26,2,10,13,15,24,36,10,10
2025-03-29,10,17,19,22,36,39,6,14
2025-04-02,13,16,18,23,29,38,5,2
2025-04-05,2,6,12,13,30,39,2,7
2025-04-09,4,11,12,17,27,38,2,5
2025-04-12,1,9,20,23,26,38,2,6
2025-04-16,11,16,17,18,20,31,9,9
2025-04-19,5,12,13,15,21,30,7,1
2025-04-23,3,6,9,11,32,34,5,13
2025-04-26,2,4,5,8,27,30,11,1
2025-04-30,10,14,18,28,37,38,10,2
2025-05-03,1,21,22,26,27,36,6,3
2025-05-07,5,18,19,22,27,32,3,15
2025-05-10,6,7,10,11,19,38,9,4
2025-05-14,3,5,20,22,24,40,7,8
2025-05-17,5,8,13,16,29,40,3,5
2025-05-21,1,7,9,13,30,33,5,3
2025-05-24,8,11,17,21,31,32,10,1
2025-05-28,1,6,8,23,26,32,11,15
2025-05-31,11,16,19,20,24,26,11,6
2025-06-04,6,9,13,20,24,40,12,1
2025-06-07,6,16,27,28,30,36,3,4
2025-06-11,12,16,21,22,31,37,9,8
2025-06-14,3,4,14,19,22,32,1,8
2025-06-18,16,30,31,32,35,36,11,5
2025-06-21,4,6,7,16,30,34,5,15
2025-06-25,12,14,15,27,30,36,10,5
2025-06-28,4,12,16,21,30,31,2,11
2025-07-02,3,7,16,18,19,31,9,1
2025-07-05,10,15,21,23,30,35,5,6
2025-07-09,1,2,11,12,30,36,8,14
2025-07-12,7,16,25,27,35,40,7,1
2025-07-16,2,6,15,26,34,35,12,5
2025-07-19,4,14,22,25,30,39,8,11
2025-07-23,14,20,32,33,35,38,1,4
2025-07-26,1,4,19,26,31,35,1,13
2025-07-30,3,16,22,23,25,31,4,14
2025-08-02,7,10,15,21,22,29,4,3
2025-08-06,14,17,18,20,38,40,7,8
2025-08-09,4,5,9,33,38,40,4,1
2025-08-13,7,11,22,26,29,40,6,1
2025-08-16,2,8,18,19,24,34,5,13
2025-08-20,2,17,18,24,26,38,1,10
2025-08-23,5,21,30,35,37,39,8,11
2025-08-27,3,6,24,28,38,39,4,3
2025-08-30,3,6,9,23,32,40,3,4
2025-09-03,3,8,14,17,32,35,10,12
2025-09-06,14,19,28,30,31,40,7,9
2025-09-10,2,8,9,19,21,27,10,9
2025-09-13,6,14,20,21,33,35,1,7
2025-09-17,1,23,26,29,35,36,3,11
2025-09-20,3,10,11,12,13,25,4,12
2025-09-24,3,9,25,30,31,38,5,6
2010-12-25,4,5,14,26,28,32,2,2
2011-01-01,5,6,7,15,31,33,2,4
2011-01-29,2,3,29,33,34,38,4,1
2011-02-02,2,3,29,33,34,38,4,1
2011-02-05,2,3,29,33,34,38,4,1
2011-02-09,2,3,29,33,34,38,4,1
2011-02-12,2,3,29,33,34,38,4,1
2011-02-16,2,3,29,33,34,38,4,1
2011-02-19,2,3,29,33,34,38,4,1
2011-02-23,2,3,29,33,34,38,4,1
2011-02-26,2,3,29,33,34,38,4,1
2011-03-02,2,3,29,33,34,38,4,1
2011-03-05,2,3,29,33,34,38,4,1
2011-03-09,2,3,29,33,34,38,4,1
2011-03-12,2,3,29,33,34,38,4,1
2011-03-16,2,3,29,33,34,38,4,1
2011-03-19,2,3,29,33,34,38,4,1
2011-03-23,2,3,29,33,34,38,4,1
2011-03-26,2,3,29,33,34,38,4,1
2011-03-30,2,3,29,33,34,38,4,1
2011-04-02,2,3,29,33,34,38,4,1
2011-04-06,2,3,29,33,34,38,4,1
2011-04-09,2,3,29,33,34,38,4,1
2011-04-13,2,3,29,33,34,38,4,1
2011-04-16,2,3,29,33,34,38,4,1
2011-04-20,2,3,29,33,34,38,4,1
2011-04-23,2,3,29,33,34,38,4,1
2011-04-27,2,3,29,33,34,38,4,1
2011-04-30,2,3,29,33,34,38,4,1
2011-05-04,2,3,29,33,34,38,4,1
2011-05-07,2,3,29,33,34,38,4,1
2011-05-11,2,3,29,33,34,38,4,1
2011-05-14,2,3,29,33,34,38,4,1
2011-05-18,2,3,29,33,34,38,4,1
2011-05-21,2,3,29,33,34,38,4,1
2011-05-25,2,3,29,33,34,38,4,1
2011-05-28,2,3,29,33,34,38,4,1
2011-06-01,2,3,29,33,34,38,4,1
2011-06-04,2,3,29,33,34,38,4,1
2011-06-08,2,3,29,33,34,38,4,1
2011-06-11,2,3,29,33,34,38,4,1
2011-06-15,2,3,29,33,34,38,4,1
2011-06-18,2,3,29,33,34,38,4,1
2011-06-22,2,3,29,33,34,38,4,1
2011-06-25,2,3,29,33,34,38,4,1
2011-06-29,2,3,29,33,34,38,4,1
2011-07-02,2,3,29,33,34,38,4,1
2011-07-06,2,3,29,33,34,38,4,1
2011-07-09,2,3,29,33,34,38,4,1
2011-07-13,2,3,29,33,34,38,4,1
2011-07-16,2,3,29,33,34,38,4,1
2011-07-20,2,3,29,33,34,38,4,1
2011-07-23,2,3,29,33,34,38,4,1
2011-07-27,2,3,29,33,34,38,4,1
2011-07-30,2,3,29,33,34,38,4,1
2011-08-03,2,3,29,33,34,38,4,1
2011-08-06,2,3,29,33,34,38,4,1
2011-08-10,2,3,29,33,34,38,4,1
2011-08-13,2,3,29,33,34,38,4,1
2011-08-17,2,3,29,33,34,38,4,1
2011-08-20,2,3,29,33,34,38,4,1
2011-08-24,2,3,29,33,34,38,4,1
2011-08-27,2,3,29,33,34,38,4,1
2011-08-31,2,3,29,33,34,38,4,1
2011-09-03,2,3,29,33,34,38,4,1
2011-09-07,2,3,29,33,34,38,4,1
2011-09-10,2,3,29,33,34,38,4,1
2011-09-14,2,3,29,33,34,38,4,1
2011-09-17,2,3,29,33,34,38,4,1
2012-06-09,4,9,12,19,22,27,1,4
2013-12-25,12,16,17,25,27,36,1,1
2014-01-01,2,26,30,34,35,36,5,11
2014-03-12,6,7,17,30,33,38,5,4
2014-05-21,2,12,14,28,32,34,5,6
2014-12-24,13,17,20,31,34,37,6,5
2014-12-31,2,15,16,25,28,35,4,13
2015-03-04,7,10,15,19,23,26,4,6
2016-05-14,16,17,20,27,32,37,1,9
2016-12-24,10,11,21,23,25,32,6,2
2016-12-31,1,5,14,15,26,31,5,10
2019-12-25,5,12,15,24,32,37,1,1
2020-01-01,5,6,19,28,29,32,7,4
2020-03-21,10,12,16,19,21,24,10,7
2020-03-25,10,12,16,19,21,24,10,7
2020-03-28,10,12,16,19,21,24,10,7
2020-04-01,10,12,16,19,21,24,10,7
2020-04-04,10,12,16,19,21,24,10,7
2020-04-08,10,12,16,19,21,24,10,7
2020-04-11,10,12,16,19,21,24,10,7
2020-04-15,10,12,16,19,21,24,10,7
2020-04-18,10,12,16,19,21,24,10,7
2020-04-22,10,12,16,19,21,24,10,7
2020-04-25,10,12,16,19,21,24,10,7
2020-04-29,10,12,16,19,21,24,10,7
2020-05-02,10,12,16,19,21,24,10,7
2020-05-06,10,12,16,19,21,24,10,7
2020-05-09,10,12,16,19,21,24,10,7
2020-05-13,10,12,16,19,21,24,10,7
2020-05-16,10,12,16,19,21,24,10,7
2020-05-20,10,12,16,19,21,24,10,7
2020-05-23,10,12,16,19,21,24,10,7
2020-05-27,10,12,16,19,21,24,10,7
2020-05-30,10,12,16,19,21,24,10,7
2020-06-27,4,15,16,19,20,26,6,5
2021-08-11,2,8,11,18,22,30,10,11
2021-12-25,1,3,7,13,17,36,6,12
2022-01-01,6,11,21,23,28,30,3,8
2022-10-01,1,8,17,19,25,32,5,10
2022-10-08,10,14,15,18,19,22,8,3
2022-10-15,1,11,17,23,27,31,3,13
2022-10-22,13,16,19,21,33,38,3,10
2022-10-29,3,6,21,28,31,33,5,10
2022-11-05,8,9,24,26,29,37,8,8
2022-11-12,3,5,6,15,25,26,4,5
2022-11-26,2,9,20,26,36,38,11,14
2022-12-03,18,19,21,30,33,38,11,3
2022-12-10,4,10,15,23,27,37,5,1
2022-12-17,5,6,20,22,24,26,2,2
2022-12-21,5,6,20,22,24,26,2,2
2022-12-24,5,6,20,22,24,26,2,2
2022-12-28,5,6,20,22,24,26,2,2
2022-12-31,5,6,20,22,24,26,2,2
2023-01-07,3,6,19,23,28,36,12,8
2023-01-14,9,17,30,31,35,37,11,7
2023-01-21,1,2,13,25,28,31,10,8
2023-01-28,1,10,11,12,25,38,12,9
2023-02-04,5,20,24,26,27,38,9,8
2023-02-11,2,4,5,8,23,32,8,6
2023-02-18,2,5,7,17,26,29,8,10
2023-02-25,6,8,10,20,23,29,3,6
2023-03-04,6,11,26,28,33,38,6,15
2023-04-01,11,15,17,22,24,28,6,8
2023-04-08,3,4,7,10,12,20,2,4
2023-04-15,1,10,17,18,22,36,10,5
2023-04-22,6,8,19,21,31,34,7,6
2023-04-29,3,5,12,32,34,38,5,3
2023-05-06,3,4,23,25,32,37,2,7
2023-05-10,3,4,23,25,32,37,2,7
2023-05-13,3,4,23,25,32,37,2,7
2023-05-20,5,10,16,23,29,34,2,4
2023-05-27,4,12,14,34,35,37,11,10
2023-06-03,2,12,15,19,26,33,3,7
2023-06-10,3,4,14,20,36,38,8,2
2023-06-17,10,13,20,23,30,37,6,12
2023-06-24,3,13,21,24,30,32,4,14
2023-08-23,16,18,20,26,28,38,11,10
2023-11-18,7,8,17,19,21,36,6,4
2024-12-25,7,14,16,17,32,36,5,3
2025-01-01,3,4,10,11,22,37,2,14
2025-09-27,2,9,10,14,27,32,10,4
2025-10-01,2,9,10,14,27,32,10,4
2025-10-04,2,12,18,22,36,40,12,3
2025-10-08,12,19,24,28,34,36,4,10
2025-10-11,2,4,9,27,35,40,6,8
2025-10-15,6,14,24,31,35,36,9,2
2025-10-18,7,14,17,18,23,36,4,1
2025-10-22,7,14,17,18,23,36,4,1
2025-10-25,7,14,17,18,23,36,4,1
2025-10-29,2,3,11,25,29,32,8,7
2025-11-01,5,6,9,13,16,39,1,5
2025-11-05,19,23,27,31,36,38,12,3
2025-11-08,2,3,8,13,22,27,1,1
2025-11-12,1,2,6,11,15,31,1,3
2025-11-15,12,14,20,22,28,31,2,8
2025-11-19,13,18,19,23,31,37,6,12
2025-11-22,7,10,12,18,21,26,2,4
2025-11-26,1,5,10,11,28,35,9,12
2025-11-29,3,4,21,25,26,27,5,1
2025-12-03,5,8,19,21,26,32,6,12
2025-12-06,3,7,17,33,37,39,4,4
2025-12-10,4,12,13,23,24,38,8,1
2025-12-13,9,10,23,24,31,33,4,15
2025-12-17,1,2,15,29,34,40,12,12
2025-12-20,1,2,15,29,34,40,12,12
