fecha,num1,num2,num3,num4,num5
2024-12-01,1,12,24,26,28
2024-12-02,9,12,14,23,24
2024-12-03,2,7,15,17,24
2024-12-04,3,4,14,23,30
2024-12-05,2,5,8,14,31
2024-12-06,1,2,9,21,24
2024-12-07,1,4,10,12,13
2024-12-08,1,2,18,28,29
2024-12-09,4,6,8,9,24
2024-12-10,10,12,15,26,28
2024-12-11,8,10,12,24,25
2024-12-12,3,7,12,15,21
2024-12-13,1,14,25,27,30
2024-12-14,3,8,18,25,29
2024-12-15,1,5,6,20,24
2024-12-16,9,20,21,22,24
2024-12-17,1,6,8,22,29
2024-12-18,6,13,20,21,26
2024-12-19,6,11,19,21,25
2024-12-20,1,3,5,16,25
2024-12-21,8,9,24,26,31
2024-12-22,5,6,20,23,24
2024-12-23,1,10,15,24,29
2024-12-24,1,10,15,24,29
2024-12-25,1,10,15,24,29
2024-12-26,2,15,16,20,31
2024-12-27,3,6,11,13,27
2024-12-28,8,10,14,16,17
2024-12-29,9,11,12,18,23
2024-12-30,1,2,7,18,20
2024-12-31,1,2,7,18,20
2025-01-01,1,2,7,18,20
2025-01-02,4,13,20,22,27
2025-01-03,5,7,20,22,24
2025-01-04,1,3,8,10,18
2025-01-05,13,14,20,23,24
2025-01-06,5,12,14,21,27
2025-01-07,1,2,12,26,31
2025-01-08,2,6,24,29,30
2025-01-09,2,4,10,11,25
2025-01-10,1,2,12,22,30
2025-01-11,2,5,8,27,28
2025-01-12,1,5,10,29,30
2025-01-13,1,12,17,25,27
2025-01-14,9,13,17,29,30
2025-01-15,9,22,23,28,31
2025-01-16,12,13,14,25,26
2025-01-17,5,8,12,13,23
2025-01-18,9,20,23,28,30
2025-01-19,1,10,12,18,19
2025-01-20,5,20,21,27,30
2025-01-21,18,22,24,25,31
2025-01-22,4,7,10,26,29
2025-01-23,12,14,20,24,28
2025-01-24,5,9,17,19,29
2025-01-25,5,10,18,20,29
2025-01-26,1,3,14,20,31
2025-01-27,5,6,14,28,29
2025-01-28,6,16,19,25,29
2025-01-29,7,11,14,17,19
2025-01-30,5,6,16,27,31
2025-01-31,1,6,22,24,25
2025-02-01,2,7,10,26,31
2025-02-02,3,19,23,27,28
2025-02-03,3,14,15,20,31
2025-02-04,2,5,8,19,31
2025-02-05,1,7,11,26,28
2025-02-06,6,13,16,21,23
2025-02-07,10,15,20,27,30
2025-02-08,1,4,8,14,17
2025-02-09,3,6,13,28,31
2025-02-10,2,5,12,26,29
2025-02-11,7,9,21,29,31
2025-02-12,8,9,20,22,30
2025-02-13,2,11,14,21,26
2025-02-14,6,14,21,29,31
2025-02-15,1,6,9,12,29
2025-02-16,7,11,12,22,30
2025-02-17,12,13,14,23,24
2025-02-18,6,11,16,17,22
2025-02-19,8,9,16,18,29
2025-02-20,1,3,9,11,12
2025-02-21,5,9,26,27,28
2025-02-22,5,13,17,21,27
2025-02-23,9,10,16,22,27
2025-02-24,1,2,9,20,25
2025-02-25,3,5,14,16,31
2025-02-26,5,6,14,24,27
2025-02-27,2,8,19,23,24
2025-02-28,3,10,21,23,25
2025-03-01,2,9,11,13,21
2025-03-02,1,7,9,16,19
2025-03-03,4,7,13,28,29
2025-03-04,3,18,19,21,31
2025-03-05,3,11,18,29,31
2025-03-06,2,14,15,18,19
2025-03-07,5,6,9,21,25
2025-03-08,1,2,5,11,31
2025-03-09,9,20,22,23,28
2025-03-10,1,9,11,21,23
2025-03-11,5,8,9,15,26
2025-03-12,2,8,11,12,28
2025-03-13,6,7,9,28,30
2025-03-14,1,4,9,19,27
2025-03-15,6,12,18,25,29
2025-03-16,5,8,18,21,24
2025-03-17,8,14,15,16,29
2025-03-18,16,17,20,22,24
2025-03-19,9,19,29,30,31
2025-03-20,6,8,25,26,30
2025-03-21,15,19,22,28,29
2025-03-22,10,15,19,28,31
2025-03-23,4,7,8,25,29
2025-03-24,3,15,18,21,23
2025-03-25,7,24,25,29,30
2025-03-26,10,14,19,25,27
2025-03-27,4,8,14,16,26
2025-03-28,10,11,12,15,16
2025-03-29,15,17,20,21,29
2025-03-30,4,14,15,18,23
2025-03-31,1,14,22,25,31
2025-04-01,3,13,20,21,23
2025-04-02,10,12,21,24,31
2025-04-03,3,4,16,21,22
2025-04-04,9,10,16,21,30
2025-04-05,9,12,13,22,23
2025-04-06,8,10,16,19,31
2025-04-07,1,3,5,15,23
2025-04-08,12,14,20,23,31
2025-04-09,2,5,25,26,31
2025-04-10,1,4,7,15,23
2025-04-11,6,9,15,25,31
2025-04-12,7,9,11,16,20
2025-04-13,9,14,15,17,20
2025-04-14,2,14,19,23,26
2025-04-15,4,8,13,29,30
2025-04-16,2,5,7,12,13
2025-04-17,2,5,7,12,13
2025-04-18,2,5,7,12,13
2025-04-19,1,4,9,16,26
2025-04-20,1,4,17,23,30
2025-04-21,3,8,12,21,25
2025-04-22,1,3,14,17,21
2025-04-23,11,21,23,25,27
2025-04-24,1,5,11,17,25
2025-04-25,1,4,10,22,24
2025-04-26,8,12,16,20,25
2025-04-27,1,7,11,15,27
2025-04-28,5,6,7,17,27
2025-04-29,9,25,27,28,31
2025-04-30,6,15,21,25,26
2025-05-01,2,9,20,23,24
2025-05-02,4,6,14,23,26
2025-05-03,2,3,11,13,29
2025-05-04,2,7,10,17,25
2025-05-05,2,7,17,20,24
2025-05-06,2,8,13,15,18
2025-05-07,11,15,21,27,28
2025-05-08,6,7,15,21,24
2025-05-09,8,17,27,28,29
2025-05-10,1,11,16,17,31
2025-05-11,9,10,25,26,29
2025-05-12,6,7,20,28,30
2025-05-13,3,13,15,19,22
2025-05-14,11,16,18,23,24
2025-05-15,14,16,18,27,29
2025-05-16,1,8,14,15,21
2025-05-17,19,21,23,24,27
2025-05-18,1,6,13,25,26
2025-05-19,4,12,13,18,28
2025-05-20,6,12,19,24,29
2025-05-21,2,9,10,15,23
2025-05-22,2,17,22,26,29
2025-05-23,2,3,10,21,23
2025-05-24,3,8,15,26,28
2025-05-25,5,6,12,19,29
2025-05-26,3,13,24,30,31
2025-05-27,6,24,26,27,29
2025-05-28,5,9,11,14,19
2025-05-29,3,11,15,23,28
2025-05-30,2,3,12,16,24
2025-05-31,1,7,14,16,31
2025-06-01,4,5,9,20,24
2025-06-02,1,2,3,9,30
2025-06-03,1,10,14,16,23
2025-06-04,11,13,14,19,23
2025-06-05,1,8,9,19,28
2025-06-06,2,5,6,14,19
2025-06-07,11,18,20,28,29
2025-06-08,10,23,28,30,31
2025-06-09,8,12,13,24,31
2025-06-10,8,19,20,26,27
2025-06-11,2,5,9,13,23
2025-06-12,4,12,17,24,28
2025-06-13,2,3,8,16,26
2025-06-14,2,7,16,21,22
2025-06-15,2,7,14,15,30
2025-06-16,3,10,16,19,26
2025-06-17,3,8,11,21,28
2025-06-18,13,16,22,27,30
2025-06-19,5,13,18,21,24
2025-06-20,10,12,15,21,30
2025-06-21,13,19,23,28,29
2025-06-22,2,7,19,23,25
2025-06-23,3,6,12,18,24
2025-06-24,6,14,17,25,28
2025-06-25,2,13,18,24,26
2025-06-26,2,5,10,12,13
2025-06-27,3,11,13,21,26
2025-06-28,8,18,23,24,26
2025-06-29,10,22,26,29,31
2025-06-30,4,14,16,19,30
2025-07-01,2,14,24,28,30
2025-07-02,2,3,25,27,30
2025-07-03,16,19,20,22,25
2025-07-04,6,14,22,28,30
2025-07-05,8,16,20,28,31
2025-07-06,18,19,20,25,26
2025-07-07,14,16,24,25,28
2025-07-08,5,12,13,19,30
2025-07-09,4,17,21,23,27
2025-07-10,1,10,12,20,27
2025-07-11,6,24,26,27,29
2025-07-12,10,13,23,26,31
2025-07-13,1,3,16,19,31
2025-07-14,14,16,17,22,23
2025-07-15,1,5,11,22,28
2025-07-16,6,8,13,14,19
2025-07-17,1,7,11,23,25
2025-07-18,2,16,21,26,30
2025-07-19,1,6,18,19,23
2025-07-20,7,15,16,20,31
2025-07-21,6,13,14,15,17
2025-07-22,3,6,20,22,31
2025-07-23,2,6,10,15,31
2025-07-24,1,9,13,19,31
2025-07-25,9,13,16,20,28
2025-07-26,1,6,11,18,22
2025-07-27,4,14,15,17,20
2025-07-28,13,14,20,26,27
2025-07-29,7,10,13,17,27
2025-07-30,4,12,16,20,27
2025-07-31,1,6,7,18,29
2025-08-01,4,5,6,16,22
2025-08-02,5,8,9,18,20
2025-08-03,2,4,6,14,24
2025-08-04,3,5,6,24,30
2025-08-05,1,5,7,13,24
2025-08-06,2,19,22,28,30
2025-08-07,4,5,7,9,20
2025-08-08,10,19,22,25,28
2025-08-09,6,13,14,27,31
2025-08-10,7,11,15,24,31
2025-08-11,12,20,21,28,31
2025-08-12,2,15,22,25,28
2025-08-13,6,10,12,15,16
2025-08-14,13,14,17,21,27
2025-08-15,2,6,12,21,26
2025-08-16,6,7,9,20,28
2025-08-17,1,4,6,7,13
2025-08-18,1,5,14,17,26
2025-08-19,4,7,8,14,21
2025-08-20,9,14,17,22,23
2025-08-21,1,12,13,20,30
2025-08-22,3,5,24,27,28
2025-08-23,2,7,8,13,16
2025-08-24,6,11,13,19,24
2025-08-25,1,5,13,25,27
2025-08-26,9,11,14,21,31
2025-08-27,1,3,7,10,30
2025-08-28,5,14,24,26,29
2025-08-29,5,13,14,18,27
2025-08-30,5,8,17,27,31
2025-08-31,1,14,24,29,30
2025-09-01,9,11,16,26,27
2025-09-02,7,11,12,21,27
2025-09-03,2,6,23,26,30
2025-09-04,5,10,16,20,27
2025-09-05,10,12,14,17,24
2025-09-06,2,10,15,19,20
2025-09-07,4,9,12,19,26
2025-09-08,14,17,21,25,30
2025-09-09,10,16,23,24,26
2025-09-10,2,4,13,18,31
2025-09-11,1,2,14,30,31
2025-09-12,1,15,16,19,29
2025-09-13,1,4,9,26,30
2025-09-14,4,19,21,24,27
2025-09-15,3,6,9,21,29
2025-09-16,5,10,11,16,24
2025-09-17,1,7,15,18,30
2025-09-18,1,2,13,22,28
2025-09-19,2,3,6,18,20
2025-09-20,11,14,26,29,31
2025-09-21,1,16,20,21,30
2025-09-22,3,5,26,27,31
2025-09-23,13,17,20,22,30
2025-09-24,6,18,20,25,27
2025-09-25,10,11,16,19,29
2025-09-26,3,4,5,21,24
2025-09-27,3,6,15,16,24
2025-09-28,12,13,25,28,30
2025-09-29,9,21,25,30,31
2025-09-30,9,21,25,30,31
2025-10-01,8,9,13,20,25
2025-10-02,3,6,14,17,18
2025-10-03,5,6,15,27,28
2025-10-04,5,6,12,25,29
2025-10-05,4,5,13,19,23
2025-10-06,4,18,20,21,28
2025-10-07,2,6,7,27,29
2025-10-08,5,7,14,18,26
2025-10-09,7,8,10,14,30
2025-10-10,3,5,6,10,29
2025-10-11,5,6,15,21,28
2025-10-12,18,21,22,24,26
2025-10-13,3,9,12,28,29
2025-10-14,14,17,18,21,24
2025-10-15,7,13,20,22,24
2025-10-16,11,19,23,26,29
2025-10-17,5,13,20,24,30
2025-10-18,5,8,23,28,31
2025-10-19,5,11,12,28,31
2025-10-20,9,10,13,15,27
2025-10-21,4,8,18,19,31
2025-10-22,4,8,18,19,31
2025-10-23,4,8,18,19,31
2025-10-24,4,8,18,19,31
2025-10-25,4,8,18,19,31
2025-10-26,14,16,23,25,29
2025-10-27,1,11,19,21,26
2025-10-28,6,8,15,23,30
2025-10-29,4,7,10,23,29
2025-10-30,7,20,21,26,31
2025-10-31,7,8,11,14,31
2025-11-01,3,5,6,21,29
2025-11-02,2,4,10,24,31
2025-11-03,3,15,22,23,29
2025-11-04,2,3,8,10,31
2025-11-05,16,18,19,21,29
2025-11-06,7,10,28,29,31
2025-11-07,17,20,23,25,31
2025-11-08,3,4,6,10,20
2025-11-09,1,10,14,17,23
2025-11-10,3,7,15,16,25
2025-11-11,3,7,15,16,25
2025-11-12,18,19,26,30,31
2025-11-13,2,3,9,11,13
2025-11-14,2,6,17,22,25
2025-11-15,2,6,8,18,29
2025-11-16,7,15,28,29,31
2025-11-17,8,13,17,27,29
2025-11-18,1,21,22,24,27
2025-11-19,2,3,4,16,19
2025-11-20,4,6,17,21,22
2025-11-21,1,3,19,22,30
2025-11-22,15,16,22,28,30
2025-11-23,3,5,9,15,19
2025-11-24,2,7,8,9,16
2025-11-25,3,11,15,17,27
2025-11-26,2,3,9,10,19
2025-11-27,8,17,20,23,29
2025-11-28,1,9,10,12,29
2025-11-29,3,11,17,18,25
2025-11-30,5,9,13,21,26
2025-12-01,2,15,20,30,31
2025-12-02,3,7,20,25,29
2025-12-03,11,15,24,25,27
2025-12-04,3,13,17,29,30
2025-12-05,7,11,13,27,30
2025-12-06,2,3,8,10,17
2025-12-07,1,3,5,12,21
2025-12-08,3,6,9,13,28
2025-12-09,8,9,10,14,24
2025-12-10,5,12,14,18,31
2025-12-11,6,7,15,18,27
2025-12-12,5,17,18,30,31
2025-12-13,10,17,20,22,31
2025-12-14,5,12,19,26,28
2025-12-15,1,3,8,10,22
2025-12-16,4,17,20,21,22
2025-12-17,15,22,23,28,29
2025-12-18,2,3,8,21,23
2025-12-19,15,16,21,22,28
2025-12-20,6,7,25,27,29
2025-12-21,3,6,15,18,27
2025-12-22,10,12,13,19,22
2025-12-23,4,7,8,9,26
2025-12-24,4,7,8,9,26
2025-12-25,4,7,8,9,26
2025-12-26,1,2,9,19,25
2025-12-27,1,4,8,18,28
2025-12-28,6,14,16,18,23
2025-12-29,3,10,12,22,30
2025-12-30,10,12,16,27,30
2025-12-31,10,12,16,27,30
2026-01-01,10,12,16,27,30
2026-01-02,7,8,27,28,29
2026-01-03,16,19,20,26,28
2026-01-04,2,7,8,29,30
2026-01-05,7,10,14,22,23
2026-01-06,11,14,22,23,29
2026-01-07,8,9,14,16,18
2026-01-08,2,7,10,26,31
2026-01-09,3,15,23,28,29
2026-01-10,1,9,16,20,31
2026-01-11,9,15,17,19,23
2026-01-12,10,21,22,23,30
2026-01-13,4,11,19,22,28
2026-01-14,4,9,11,23,30
2026-01-15,12,13,15,19,27
2026-01-16,7,13,14,18,29
2026-01-17,1,4,18,20,21
2026-01-18,2,5,7,25,28
2026-01-19,8,17,18,29,30
2026-01-20,6,15,20,24,26
2026-01-21,2,17,18,27,28
2026-01-22,4,8,25,27,29
2026-01-23,4,16,26,28,30
2026-01-24,5,11,15,22,30
2026-01-25,1,11,13,23,30
2026-01-26,13,14,17,18,25
2026-01-27,7,11,13,18,22
2026-01-28,7,15,17,21,26
2026-01-29,3,6,17,23,24
2026-01-30,11,14,20,23,26
2026-01-31,4,10,15,24,26
2026-02-01,1,3,5,15,31
2026-02-02,3,11,19,20,24
2026-02-03,2,20,23,24,26
2026-02-04,8,12,13,19,28
2026-02-05,2,5,12,19,25
2026-02-06,4,14,17,21,28
2026-02-07,1,3,4,7,25
2026-02-08,1,15,17,21,22
2026-02-09,2,5,7,8,26
2026-02-10,1,8,10,11,24
2026-02-11,6,9,14,26,27
2026-02-12,11,12,18,23,24
2026-02-13,6,8,19,22,29
2026-02-14,1,5,8,13,25
2026-02-15,3,4,19,25,29
2026-02-16,2,6,15,18,22
2026-02-17,1,8,14,19,30
2026-02-18,2,11,13,22,26
2026-02-19,4,9,11,25,28
2026-02-20,5,15,20,24,31
2026-02-21,7,10,14,23,28
2026-02-22,2,4,19,25,28
2026-02-23,4,13,19,21,22
2026-02-24,6,11,24,27,31
2026-02-25,10,15,19,21,25
2026-02-26,6,9,17,20,27
2026-02-27,1,23,25,26,29
2026-02-28,14,15,18,25,26
2026-03-01,4,6,8,10,19
2026-03-02,1,2,9,11,18
2026-03-03,4,5,7,10,16
2026-03-04,8,15,21,23,26
2026-03-05,8,20,21,22,23
2026-03-06,14,15,16,21,27
2026-03-07,5,10,15,20,25
2026-03-08,3,8,11,15,21
2026-03-09,9,13,26,28,31
2026-03-10,10,19,21,22,26
2026-03-11,4,5,11,23,27
2026-03-12,7,8,22,24,31
2026-03-13,6,19,23,26,29
2026-03-14,8,10,12,18,31
2026-03-15,16,21,24,28,31
2026-03-16,10,14,15,17,20
2026-03-17,2,3,5,14,20
2026-03-18,2,3,7,9,19
2026-03-19,10,14,21,27,30
2026-03-20,12,17,21,22,31
2026-03-21,3,5,9,14,31
2026-03-22,8,10,14,16,22
2026-03-23,1,4,9,10,27
2026-03-24,4,10,12,14,28
2026-03-25,1,17,23,24,28
2026-03-26,10,11,15,26,31
2026-03-27,3,4,6,11,26
2026-03-28,10,11,19,22,23
2026-03-29,6,9,10,15,18
2026-03-30,3,7,9,19,24
2026-03-31,14,15,29,30,31
2026-04-01,1,3,16,17,21
2026-04-02,1,3,16,17,21
2026-04-03,1,3,16,17,21
2026-04-04,6,17,18,20,27
2026-04-05,6,16,23,24,28
2026-04-06,5,9,15,23,28
2026-04-07,2,15,21,23,25
2026-04-08,5,6,16,30,31
2026-04-09,4,13,21,25,29
2026-04-10,2,6,10,17,24
2026-04-11,6,14,28,30,31
2026-04-12,9,20,23,30,31
2026-04-13,3,11,16,18,28
2026-04-14,2,12,17,23,25
2026-04-15,6,11,12,18,28
2026-04-16,11,18,20,27,31
2026-04-17,9,11,13,15,22
2026-04-18,2,4,6,7,17
2026-04-19,7,9,13,24,31
2026-04-20,14,16,20,26,28
2026-04-21,9,10,12,18,30
2026-04-22,14,17,19,21,26
2026-04-23,6,7,9,14,25
2026-04-24,1,22,23,24,31
2026-04-25,12,13,16,25,27
2026-04-26,6,13,17,30,31
2026-04-27,14,15,17,18,21
2026-04-28,3,7,9,20,28
2026-04-29,3,5,11,17,27
2026-04-30,5,8,10,12,27
2026-05-01,14,15,16,26,30
2026-05-02,4,11,16,17,18
2026-05-03,3,10,14,19,21
2026-05-04,8,11,15,19,29
2026-05-05,19,21,22,30,31
2026-05-06,5,23,25,29,31
2026-05-07,2,5,11,16,26
2026-05-08,2,7,24,25,27
2026-05-09,1,5,24,25,30
2026-05-10,3,7,8,14,16
2026-05-11,6,22,23,24,25
2026-05-12,3,12,13,23,30
2026-05-13,2,6,8,22,26
2026-05-14,19,24,25,28,30
2026-05-15,13,15,17,21,24
2026-05-16,13,16,22,26,27
2026-05-17,3,11,23,26,29
2026-05-18,2,9,13,14,31
2026-05-19,15,17,22,26,30
2026-05-20,1,5,12,21,25
2026-05-21,6,14,19,20,24
2026-05-22,1,5,10,25,30
2026-05-23,14,18,23,24,27
2026-05-24,9,10,13,15,24
2026-05-25,3,5,19,22,30
2026-05-26,4,5,24,25,31
2026-05-27,5,6,13,23,25
2026-05-28,9,19,20,23,24
2026-05-29,3,14,22,23,28
2026-05-30,5,15,21,23,29
2026-05-31,5,7,19,22,27
2026-06-01,2,9,17,24,26
2026-06-02,3,8,9,17,19
2026-06-03,5,16,18,21,25
2026-06-04,10,11,12,16,26
2026-06-05,10,11,12,16,26
